Data;Abertura;Maxima;Minima;Fechado;Media;Variacao;Volume;QuantidadeAcoes;Negocios;VarPercentual
23/06/2020;33,8;34,04;33,1;33,53;33,57; 0,0087 ;546881152;16289000;34455;0,87%
22/06/2020;34,21;34,42;33;33,24;33,64;-0,0206 ;509318016;15139200;37059;-2,06%
19/06/2020;34,9;35,12;33,9;33,94;34,33;-0,0133 ;697927552;20326300;42669;-1,33%
18/06/2020;34,18;35,13;33,8;34,4;34,52;-0,0028 ;652924032;18913800;49512;-0,28%
17/06/2020;33,44;34,77;33,36;34,5;34,18; 0,0298 ;647556992;18945300;41525;2,98%
16/06/2020;34,5;34,67;33,1;33,5;33,59; 0,0130 ;784089216;23341500;46773;1,30%
15/06/2020;32;33,32;31,7;33,07;32,28;-0,0083 ;1083938176;33572800;67238;-0,83%
12/06/2020;33;33,88;32,81;33,35;33,26;-0,0251 ;963400960;28959900;64483;-2,51%
10/06/2020;36,36;36,41;34,21;34,21;34,84;-0,0441 ;952976448;27346200;64984;-4,41%
09/06/2020;35,54;37,08;35,12;35,79;36,2;-0,0164 ;1040166464;28728300;65511;-1,64%
08/06/2020;35,82;36,81;35,5;36,39;36,16; 0,0338 ;805113472;22264000;50622;3,38%
05/06/2020;37,41;38,17;35,01;35,2;36,16; 0,0074 ;1285559040;35546100;77301;0,74%
04/06/2020;34,43;35,57;33,52;34,94;34,62; 0,0054 ;829149888;23947100;52286;0,54%
03/06/2020;34,47;35;33,84;34,75;34,62; 0,0588 ;1021391744;29497200;72034;5,88%
02/06/2020;32,6;32,9;32,28;32,82;32,6; 0,0320 ;514325152;15772200;39603;3,20%
01/06/2020;30,77;32,15;30,56;31,8;31,61; 0,0311 ;696949376;22043600;51555;3,11%
29/05/2020;30,5;30,85;29,75;30,84;30,33; 0,0016 ;816918272;26926700;57680;0,16%
28/05/2020;30,61;31,46;30,21;30,79;30,84;-0,0035 ;639501056;20732700;49332;-0,35%
27/05/2020;31,63;31,63;30,5;30,9;30,85; 0,0035 ;595868096;19310400;55875;0,35%
26/05/2020;32,5;32,93;30,23;30,79;31,24;-0,0225 ;962912896;30820300;61694;-2,25%
25/05/2020;30;31,5;29,8;31,5;30,81; 0,1048 ;982729984;31886800;65443;10,48%
22/05/2020;28,86;29,15;27,91;28,51;28,5;-0,0256 ;768123200;26947900;65514;-2,56%
21/05/2020;27,64;29,29;27,48;29,26;28,65; 0,0706 ;874525440;30519600;53942;7,06%
20/05/2020;27;27,64;26,77;27,33;27,25; 0,0251 ;621376768;22799800;41847;2,51%
19/05/2020;27,26;27,78;26,66;26,66;27,14;-0,0270 ;454030432;16726100;38923;-2,70%
18/05/2020;27,13;27,78;26,65;27,4;27,26; 0,0478 ;511351744;18756800;40477;4,78%
15/05/2020;26,5;27,08;25,84;26,15;26,39;-0,0187 ;618531776;23436500;51437;-1,87%
14/05/2020;25;26,8;24,75;26,65;25,64; 0,0430 ;928195968;36194500;80130;4,30%
13/05/2020;26,65;26,85;25,23;25,55;25,75;-0,0288 ;680044032;26406100;57830;-2,88%
12/05/2020;27,44;27,55;26,26;26,31;26,9;-0,0352 ;649587968;24140900;54813;-3,52%
11/05/2020;26,9;28,13;26,8;27,27;27,49; 0,0062 ;476616448;17332500;41300;0,62%
08/05/2020;27,1;27,71;26,8;27,1;27,2; 0,0319 ;478230016;17576000;37383;3,19%
07/05/2020;27,44;27,45;26,07;26,26;26,66;-0,0270 ;704187904;26405900;77066;-2,70%
06/05/2020;27,96;28,13;26,75;26,99;27,16;-0,0291 ;551763136;20312700;51274;-2,91%
05/05/2020;28,02;28,55;27,56;27,8;28,06; 0,0014 ;443425536;15799600;33665;0,14%
04/05/2020;27,37;27,76;26,99;27,76;27,39;-0,0259 ;454384384;16586000;48253;-2,59%
30/04/2020;28,31;28,78;27,85;28,5;28,33;-0,0358 ;678258112;23935300;51381;-3,58%
29/04/2020;30,04;30,21;28,73;29,56;29,48; 0,0144 ;726133376;24628700;58315;1,44%
28/04/2020;27,22;29,25;27,11;29,14;28,32; 0,1342 ;1224539904;43232700;86446;13,42%
27/04/2020;25,5;26,2;25,11;25,69;25,67; 0,0572 ;824959872;32132800;70869;5,72%
24/04/2020;27,63;27,7;24;24,3;25,05;-0,1336 ;1853217408;73978000;176241;-13,36%
23/04/2020;29,2;29,63;27,61;28,05;28,69;-0,0280 ;622959360;21708800;51919;-2,80%
22/04/2020;28,89;29,15;28,63;28,86;28,93;-0,0044 ;584355392;20198900;47549;-0,44%
20/04/2020;29;29,49;28,52;28,99;28,9;-0,0199 ;513772288;17775000;46274;-1,99%
17/04/2020;29,55;30,06;29,03;29,58;29,55; 0,0270 ;550212800;18615000;49085;2,70%
16/04/2020;30,1;30,38;28,8;28,8;29,27;-0,0286 ;606974464;20734200;53466;-2,86%
15/04/2020;29,48;30,24;29;29,65;29,66;-0,0185 ;496899584;16748200;47711;-1,85%
14/04/2020;30,94;31,65;30;30,21;30,98;-0,0009 ;550571584;17769700;57626;-0,09%
13/04/2020;29,76;30,3;28,7;30,24;29,4; 0,0198 ;530151488;18028700;50332;1,98%
09/04/2020;30,34;30,88;29,46;29,65;30,18;-0,0026 ;529003680;17525600;44193;-0,26%
08/04/2020;29,3;30,55;28,58;29,73;29,72; 0,0191 ;591269440;19894100;51926;1,91%
07/04/2020;29,45;30,5;29,17;29,17;29,98; 0,0470 ;645157440;21514700;56841;4,70%
06/04/2020;27,15;28,3;26,74;27,86;27,73; 0,0925 ;593983360;21414000;53545;9,25%
03/04/2020;26,85;26,89;25;25,5;25,5;-0,0562 ;483729952;18968100;58456;-5,62%
02/04/2020;26,95;27,8;26,31;27,02;27,14; 0,0116 ;426710400;15722400;49987;1,16%
01/04/2020;26,9;27,28;26,05;26,71;26,64;-0,0423 ;528339264;19826600;57296;-4,23%
31/03/2020;29,2;29,5;27,43;27,89;28,47;-0,0379 ;538391552;18904200;48390;-3,79%
30/03/2020;28,9;29,46;28,31;28,99;28,88; 0,0265 ;455424064;15768600;34983;2,65%
27/03/2020;28,78;29,5;28,02;28,24;28,64;-0,0737 ;595812160;20802400;62808;-7,37%
26/03/2020;29,34;31,67;29,28;30,49;30,43; 0,0502 ;781050880;25660000;72504;5,02%
25/03/2020;25,93;30,57;25,73;29,03;28,31; 0,1199 ;708334336;25020600;61586;11,99%
24/03/2020;24,2;26,48;23,8;25,92;25,45; 0,1712 ;656623936;25799300;60903;17,12%
23/03/2020;25;25;21,91;22,13;22,51;-0,1004 ;603542208;26808100;69947;-10,04%
20/03/2020;27;27,9;24,33;24,6;26,26;-0,0379 ;779413696;29675100;84156;-3,79%
19/03/2020;25,5;27,69;23,34;25,57;25,52;-0,0390 ;1063379776;41664900;100081;-3,90%
18/03/2020;29,17;30,16;25,3;26,61;27,16;-0,1650 ;1040084032;38293300;92059;-16,50%
17/03/2020;31,4;33,29;30,05;31,87;31,76; 0,0483 ;858815616;27033700;82685;4,83%
16/03/2020;30,5;32,8;29,55;30,4;30,72;-0,1668 ;963080128;31345200;101104;-16,68%
13/03/2020;36,24;37,67;31,71;36,49;34,78; 0,1676 ;1418481792;40778100;99978;16,76%
12/03/2020;29,2;31,95;26,56;31,25;29,38;-0,1328 ;926947008;31542400;75765;-13,28%
11/03/2020;38,6;38,82;34,23;36,19;36,58;-0,0863 ;914708288;25003500;61737;-8,63%
10/03/2020;39,52;40,69;37,63;39,61;38,97; 0,0526 ;1264367616;32436700;79656;5,26%
09/03/2020;38,45;40,19;36,3;37,63;37,96;-0,1104 ;955691648;25174600;87930;-11,04%
06/03/2020;41,8;42,72;41,24;42,3;42,03;-0,0187 ;799740032;19025700;57829;-1,87%
05/03/2020;45,26;45,57;42,3;43,11;43,76;-0,0591 ;1131306752;25846800;51789;-5,91%
05/03/2020;45,26;45,57;42,3;43,11;43,76;-0,0591 ;1131306752;25846800;51789;-5,91%
04/03/2020;46,45;46,69;45;45,82;45,65; 0,0010 ;878185408;19234000;37315;0,10%
03/03/2020;46,71;47,36;45,11;45,77;46,1;-0,0292 ;993722752;21553700;49847;-2,92%
02/03/2020;46,82;47,49;46,3;47,15;46,95; 0,0061 ;620317952;13210200;40766;0,61%
28/02/2020;46,15;46,86;44,55;46,86;45,99; 0,0233 ;1213238656;26379200;66683;2,33%
27/02/2020;44,8;47,59;44,38;45,79;46,32; 0,0123 ;1458013056;31472900;56012;1,23%
26/02/2020;46,6;46,62;45,15;45,23;45,9;-0,0740 ;698350336;15214100;48135;-7,40%
21/02/2020;48,81;49,22;48,33;49,22;48,85; 0,0008 ;314419552;6435600;19407;0,08%
20/02/2020;50;50,05;48,68;49,18;49,14;-0,0102 ;592342592;12052200;28325;-1,02%
19/02/2020;49,5;50,33;49,15;49,69;49,88; 0,0024 ;556112704;11148100;34243;0,24%
18/02/2020;48,96;49,9;48,7;49,57;49,31; 0,0095 ;440382592;8929100;31079;0,95%
17/02/2020;50,08;50,24;49,1;49,1;49,53;-0,0150 ;334279552;6749000;18324;-1,50%
14/02/2020;50,88;50,96;49,57;49,85;50,21;-0,0190 ;503323552;10022700;27983;-1,90%
13/02/2020;51,35;51,54;50,45;50,82;51;-0,0154 ;704131520;13806300;34508;-1,54%
12/02/2020;51,87;52,36;50,67;51,62;51,46; 0,0058 ;855174784;16617100;31593;0,58%
11/02/2020;49,92;51,65;49,68;51,32;51,21; 0,0450 ;926809216;18096500;44339;4,50%
10/02/2020;49,71;49,99;48,88;49,11;49,29;-0,0098 ;383747328;7785300;21649;-0,98%
07/02/2020;49,55;50,32;49,26;49,6;49,82; 0,0010 ;388363328;7795000;22621;0,10%
06/02/2020;51;51,05;49,25;49,55;49,81;-0,0168 ;481321600;9662900;25150;-1,68%
05/02/2020;49,2;51,29;49,1;50,4;50,51; 0,0445 ;1196756096;23691700;49089;4,45%
04/02/2020;49,29;49,6;48,25;48,25;48,8;-0,0108 ;574278656;11766600;34796;-1,08%
03/02/2020;48,55;49,14;48,01;48,78;48,78; 0,0049 ;497651328;10201400;32654;0,49%
31/01/2020;49,11;49,12;48,22;48,54;48,68;-0,0253 ;785061696;16126400;29043;-2,53%
30/01/2020;48,7;49,99;48,37;49,8;48,91; 0,0068 ;613416896;12539900;32458;0,68%
29/01/2020;51;51,38;49,36;49,46;49,85;-0,0246 ;418772544;8400200;25413;-2,46%
28/01/2020;50,8;51,15;50,08;50,71;50,67; 0,0081 ;387509344;7646400;24507;0,81%
27/01/2020;50,06;51,07;49,73;50,3;50,43;-0,0098 ;606011712;12015900;32885;-0,98%
24/01/2020;51,4;51,48;50,8;50,8;51,08;-0,0132 ;467414592;9150300;22025;-1,32%
23/01/2020;48,54;51,48;48,38;51,48;50,3; 0,0562 ;1087888000;21624500;58407;5,62%
22/01/2020;48,81;48,99;48,29;48,74;48,64; 0,0078 ;508775040;10459400;34129;0,78%
21/01/2020;49,55;49,65;48,05;48,36;48,63;-0,0289 ;704147584;14479200;41389;-2,89%
20/01/2020;50;50,35;49,27;49,8;49,75;-0,0063 ;422856160;8498300;24537;-0,63%
17/01/2020;49,86;50,27;49,73;50,12;50,06; 0,0135 ;571882944;11421800;33691;1,35%
16/01/2020;49,47;49,78;48,98;49,45;49,44; 0,0044 ;587078592;11872600;31132;0,44%
15/01/2020;49,93;50,02;48,85;49,23;49,27;-0,0183 ;714531712;14501900;36544;-1,83%
14/01/2020;50,28;50,49;49,75;50,15;50;-0,0053 ;438313024;8765000;23729;-0,53%
13/01/2020;49,98;50,5;49,61;50,42;50,15; 0,0112 ;711310656;14181900;31787;1,12%
10/01/2020;51,16;51,44;49,56;49,86;50,44;-0,0235 ;774225216;15348200;40221;-2,35%
09/01/2020;52,2;52,33;50,73;51,06;51,3;-0,0203 ;1269555584;24743000;48677;-2,03%
08/01/2020;52,76;52,99;52,04;52,12;52,44;-0,0091 ;1125941248;21468600;23145;-0,91%
07/01/2020;53;53,03;52,29;52,6;52,5;-0,0075 ;558561728;10638500;21753;-0,75%
06/01/2020;53,4;53,4;52,45;53;52,96;-0,0132 ;529631424;9999900;30889;-1,32%
03/01/2020;53,1;53,91;52,85;53,71;53,56;-0,0016 ;507042464;9465400;26899;-0,16%
02/01/2020;53,35;53,97;53,17;53,8;53,64; 0,0185 ;705929536;13159900;39662;1,85%
30/12/2019;53,1;53,34;52,82;52,82;53;-0,0028 ;415553600;7839900;16976;-0,28%
27/12/2019;53,35;53,67;52,26;52,97;52,84;-0,0043 ;456173344;8633100;26403;-0,43%
26/12/2019;52,48;53,26;52,35;53,2;52,96; 0,0114 ;531357696;10031600;31224;1,14%
23/12/2019;50,96;52,6;50,74;52,6;51,96; 0,0301 ;457442016;8803400;23059;3,01%
20/12/2019;50,95;51,1;50,24;51,06;50,83;-0,0019 ;484811744;9537300;18920;-0,19%
19/12/2019;50,3;51,16;50,08;51,16;50,78; 0,0102 ;619218048;12193800;20598;1,02%
18/12/2019;48,75;50,71;48,63;50,64;49,89; 0,0345 ;1020807552;20459600;35773;3,45%
17/12/2019;48,14;48,95;47,92;48,95;48,49; 0,0225 ;511190752;10542000;27714;2,25%
16/12/2019;48,76;49,25;47,87;47,87;48,53;-0,0135 ;582836416;12007400;25838;-1,35%
13/12/2019;48,86;49,5;48,36;48,53;49,04;-0,0077 ;884212800;18029900;31701;-0,77%
12/12/2019;48;48,91;47,86;48,91;48,38; 0,0253 ;411172416;8498200;19860;2,53%
11/12/2019;48,05;48,37;47,56;47,85;47,83;-0,0014 ;477415552;9979700;19821;-0,14%
10/12/2019;48,55;48,74;47,66;47,92;48,05;-0,0143 ;313668832;6527300;16907;-1,43%
09/12/2019;48,35;48,95;48,31;48,62;48,64; 0,0030 ;410035296;8429900;24831;0,30%
06/12/2019;48,58;48,99;48,27;48,47;48,53;-0,0041 ;467673888;9635700;19982;-0,41%
05/12/2019;49,16;49,27;48,31;48,67;48,73;-0,0085 ;461696256;9473100;21564;-0,85%
04/12/2019;48,39;49,13;48,3;49,09;48,83; 0,0144 ;733872192;15029100;30206;1,44%
03/12/2019;48,14;48,69;47,95;48,39;48,33; 0,0202 ;847654016;17536700;30020;2,02%
02/12/2019;47,81;48,33;47,43;47,43;47,88;-0,0079 ;465831104;9727400;22310;-0,79%
29/11/2019;47,64;47,99;47,41;47,81;47,75; 0,0044 ;347883968;7285500;15213;0,44%
28/11/2019;46,94;47,67;46,56;47,6;47,36; 0,0054 ;327313184;6909900;13123;0,54%
27/11/2019;46,2;47,38;45,49;47,34;46,38; 0,0291 ;521325408;11237900;26231;2,91%
26/11/2019;46,35;46,38;45,56;46;45,93;-0,0128 ;704131008;15330000;31373;-1,28%
25/11/2019;46,76;46,94;46,27;46,6;46,52;-0,0032 ;345698400;7430100;17529;-0,32%
22/11/2019;46,09;46,9;45,92;46,75;46,63; 0,0147 ;356297408;7639800;17601;1,47%
21/11/2019;45,75;46,49;45,65;46,38;46,19; 0,0128 ;519770528;11252800;24719;1,28%
19/11/2019;46,35;46,47;45,71;45,79;45,93;-0,0045 ;372937024;8118000;20022;-0,45%
18/11/2019;47;47,15;46;46;46,51;-0,0109 ;724962240;15585600;26606;-1,09%
14/11/2019;46,13;46,75;45,76;46,51;46,46; 0,0121 ;559078976;12033500;29558;1,21%
13/11/2019;46,43;46,69;45,81;45,95;46,17;-0,0164 ;604356032;13087600;28423;-1,64%
12/11/2019;47,03;47,54;46,35;46,72;46,79;-0,0110 ;772435520;16508300;35000;-1,10%
11/11/2019;46,74;47,43;46,41;47,24;47,09; 0,0051 ;476768480;10123900;29968;0,51%
08/11/2019;47,36;47,75;46,56;47;47,21;-0,0140 ;793444992;16805900;32451;-1,40%
07/11/2019;48,05;48,48;47,46;47,67;47,82; -   ;693367104;14498100;32170;0,00%
06/11/2019;48;48,48;47,35;47,67;47,7;-0,0066 ;517283488;10844200;30074;-0,66%
05/11/2019;47,8;48,45;47,63;47,99;48; 0,0062 ;443820544;9246200;23547;0,62%
04/11/2019;48,15;48,55;47,4;47,69;47,84;-0,0056 ;532130112;11123000;26983;-0,56%
01/11/2019;48,44;48,8;47,45;47,96;47,93;-0,0039 ;589863360;12304300;28830;-0,39%
31/10/2019;48,9;49;47,95;48,15;48,22;-0,0256 ;683422528;14170300;32781;-2,56%
30/10/2019;48,61;49,42;47,53;49,42;48,58; 0,0156 ;765179520;15748200;29183;1,56%
29/10/2019;48,59;49,11;48,46;48,66;48,8;-0,0026 ;507276192;10394400;23322;-0,26%
28/10/2019;47,85;48,79;47,7;48,79;48,38; 0,0222 ;701592064;14499600;28885;2,22%
25/10/2019;47,28;48,05;47,11;47,73;47,6; 0,0090 ;497986528;10461600;25524;0,90%
24/10/2019;47,74;48,08;46,71;47,3;47,48;-0,0063 ;1051343936;22140500;36550;-0,63%
23/10/2019;47,35;48,36;46,88;47,6;47,59; 0,0042 ;988222464;20761300;43959;0,42%
22/10/2019;46,5;47,67;46,44;47,4;47,16; 0,0215 ;806412480;17097300;39260;2,15%
21/10/2019;46,3;46,75;45,77;46,4;46,27; 0,0073 ;728927040;15751100;35321;0,73%
18/10/2019;46;46,55;45,5;46,06;46,07; 0,0256 ;2170665728;47116600;56452;2,56%
17/10/2019;45,33;45,7;44,58;44,91;45,11;-0,0020 ;1125879552;24953800;36221;-0,20%
16/10/2019;44,4;45,36;43,9;45;44,57; 0,0139 ;679374656;15239700;43382;1,39%
15/10/2019;44,97;45,18;44,27;44,38;44,55;-0,0137 ;658837888;14788500;32863;-1,37%
14/10/2019;45,24;45,56;44,83;45;45,19;-0,0050 ;310227712;6863500;17916;-0,50%
11/10/2019;44,8;45,39;44,75;45,23;45,23; 0,0186 ;411971264;9108300;20794;1,86%
10/10/2019;44,29;44,82;44,02;44,4;44,47; 0,0045 ;287704512;6469000;17022;0,45%
09/10/2019;43,57;44,34;43,1;44,2;43,74; 0,0276 ;405291008;9264000;21082;2,76%
08/10/2019;44,2;44,33;43,01;43,01;43,47;-0,0180 ;511959296;11777200;32730;-1,80%
07/10/2019;45,1;45,23;43,76;43,8;44,38;-0,0394 ;587842944;13243600;34328;-3,94%
04/10/2019;45,37;45,6;44,62;45,6;45,22; 0,0068 ;326897984;7228200;21322;0,68%
03/10/2019;43,77;45,29;43,62;45,29;44,58; 0,0430 ;685891008;15384000;34761;4,30%
02/10/2019;44,61;44,61;43,36;43,42;43,6;-0,0340 ;838199552;19222600;44128;-3,40%
01/10/2019;45,71;45,71;44,81;44,95;45,09;-0,0118 ;297300416;6592200;20125;-1,18%
30/09/2019;45,5;45,9;45,48;45,49;45,69; 0,0033 ;248166016;5431300;19047;0,33%
27/09/2019;45,5;46,08;45,25;45,34;45,69;-0,0080 ;362660672;7936500;19696;-0,80%
26/09/2019;45,79;46,21;45,21;45,71;45,77; 0,0037 ;400994336;8760600;25757;0,37%
25/09/2019;45,84;45,84;44,8;45,54;45,34;-0,0065 ;494928064;10914800;34969;-0,65%
24/09/2019;47,39;47,56;45,6;45,84;46,14;-0,0304 ;553654464;11999100;32766;-3,04%
23/09/2019;47,44;47,74;46,86;47,28;47,17;-0,0048 ;271148064;5747300;16950;-0,48%
20/09/2019;47;47,98;46,9;47,51;47,44; 0,0158 ;725793280;15297300;28973;1,58%
19/09/2019;48,41;48,7;46,77;46,77;47,69;-0,0260 ;460865472;9661800;26487;-2,60%
18/09/2019;47,46;48,25;47,16;48,02;47,87; 0,0152 ;408306848;8528300;20546;1,52%
17/09/2019;46,39;47,45;46,12;47,3;47,1; 0,0139 ;317704320;6744200;22200;1,39%
16/09/2019;47,04;47,56;46,3;46,65;46,92;-0,0103 ;383675584;8175500;22404;-1,03%
13/09/2019;48,07;48,5;46,9;47,14;47,6;-0,0179 ;379621056;7975100;26100;-1,79%
12/09/2019;48,32;48,37;47,4;48;47,88; 0,0043 ;488412960;10199500;26928;0,43%
11/09/2019;49,5;49,97;47,99;47,99;48,54;-0,0237 ;684171456;14094600;30568;-2,37%
10/09/2019;50,35;50,5;48,88;49,16;49,29;-0,0168 ;416482752;8448200;24899;-1,68%
09/09/2019;49,55;50,53;49,27;50;50,01; 0,0123 ;674407616;13483300;35729;1,23%
06/09/2019;47,9;49,39;47,9;49,39;48,91; 0,0406 ;686759168;14039100;36514;4,06%
05/09/2019;46,1;47,78;46,09;47,46;47,28; 0,0348 ;584358208;12359200;26785;3,48%
04/09/2019;45,38;45,93;44,98;45,86;45,48; 0,0236 ;319637024;7026800;21299;2,36%
03/09/2019;45,4;46,32;44,62;44,8;45,14;-0,0186 ;500107008;11078700;26605;-1,86%
02/09/2019;46,24;46,79;45,4;45,65;45,97;-0,0127 ;247751616;5389200;14445;-1,27%
30/08/2019;45,18;46,56;45,09;46,24;46,08; 0,0257 ;552368064;11986000;26111;2,57%
30/08/2019;45,18;46,56;45,09;46,24;46,08; 0,0257 ;552368064;11986000;26111;2,57%
29/08/2019;44,21;45,22;44,03;45,08;44,64; 0,0243 ;390384320;8744900;23992;2,43%
28/08/2019;43,96;44,3;43,64;44,01;43,92;-0,0083 ;371270080;8452100;26463;-0,83%
27/08/2019;45,35;45,6;43,44;44,38;44,41;-0,0080 ;559804672;12602900;29868;-0,80%
26/08/2019;45,38;45,7;43,76;44,74;44,56;-0,0046 ;311846112;6997400;20003;-0,46%
23/08/2019;46,1;46,54;44,72;44,95;45,31;-0,0364 ;591813632;13059000;39836;-3,64%
22/08/2019;47,4;47,56;46,38;46,65;46,87;-0,0068 ;353104992;7532600;19420;-0,68%
21/08/2019;45,87;47,46;45,74;47,35;46,66; 0,0571 ;636971648;13650300;35016;5,71%
20/08/2019;45,02;45,18;44,07;44,79;44,72;-0,0008 ;295169312;6599800;21308;-0,08%
19/08/2019;46;46,69;44,73;44,83;45,55;-0,0196 ;476293696;10455600;25275;-1,96%
16/08/2019;46,35;46,55;45,35;45,73;45,75;-0,0026 ;446022496;9747600;20607;-0,26%
15/08/2019;46,15;46,64;45,25;45,85;45,88;-0,0008 ;497689632;10846200;28276;-0,08%
14/08/2019;46,95;47,07;45,69;45,89;46,24;-0,0349 ;531882912;11501500;30821;-3,49%
13/08/2019;46,94;48,25;46,79;47,55;47,74; 0,0117 ;460023552;9635700;28480;1,17%
12/08/2019;47,71;47,8;46,96;47;47,22;-0,0339 ;502925248;10649600;28418;-3,39%
09/08/2019;48,86;49,18;48,3;48,65;48,69;-0,0030 ;404490400;8307100;23434;-0,30%
08/08/2019;49,64;49,68;48,47;48,8;48,91; 0,0072 ;595830336;12180400;32710;0,72%
07/08/2019;48,3;48,78;47,55;48,45;48,12;-0,0010 ;549543808;11418500;31616;-0,10%
06/08/2019;48,49;49,07;48,21;48,5;48,59; 0,0135 ;416677344;8574100;23307;1,35%
05/08/2019;47,74;48,76;47,42;47,85;47,88;-0,0186 ;406342880;8485400;29219;-1,86%
02/08/2019;48,75;49,35;48;48,76;48,53; 0,0002 ;403004224;8303900;26596;0,02%
01/08/2019;49,8;50,47;48,69;48,75;49,47;-0,0095 ;735084032;14858500;39106;-0,95%
31/07/2019;50,1;50,2;49,2;49,22;49,63;-0,0144 ;562532608;11333700;28708;-1,44%
30/07/2019;50,22;50,7;49,11;49,94;49,99;-0,0101 ;462229664;9245000;26992;-1,01%
29/07/2019;50,15;50,64;49,82;50,45;50,3; 0,0090 ;256166016;5092200;16336;0,90%
26/07/2019;50,8;50,81;49,93;50;50,18;-0,0023 ;406966912;8108800;21874;-0,23%
25/07/2019;52,38;52,52;50,06;50,12;50,66;-0,0422 ;897430784;17712000;35488;-4,22%
24/07/2019;51,56;52,65;51,47;52,33;52,26; 0,0180 ;804231680;15387500;28910;1,80%
23/07/2019;52,27;52,38;51,4;51,4;51,58;-0,0117 ;653604544;12670600;24384;-1,17%
22/07/2019;52,48;52,66;51,97;52,01;52,29; 0,0001 ;334089280;6388400;15135;0,01%
19/07/2019;52,25;52,95;52;52;52,36;-0,0125 ;463427744;8849600;22148;-1,25%
18/07/2019;51,97;53,25;51,87;52,66;52,53; 0,0169 ;654673536;12461000;25550;1,69%
17/07/2019;51,8;52,17;51,51;51,78;51,73; 0,0001 ;357616736;6912500;18593;0,01%
16/07/2019;52;52,19;51,51;51,77;51,78; 0,0015 ;536003616;10351100;22850;0,15%
15/07/2019;52,21;52,39;51,06;51,69;51,66;-0,0059 ;553217856;10708500;30095;-0,59%
12/07/2019;53,52;53,62;51,8;52;52,35;-0,0225 ;666933248;12738500;30567;-2,25%
11/07/2019;54,13;54,13;52,81;53,2;53,26;-0,0195 ;780604288;14656000;33522;-1,95%
10/07/2019;55,6;55,7;53,79;54,26;55;-0,0125 ;689234816;12529600;37077;-1,25%
08/07/2019;55,19;55,35;54,82;54,95;55,08;-0,0009 ;361787936;6567500;11783;-0,09%
05/07/2019;55;55,37;54,32;55;54,94;-0,0032 ;515978272;9391600;18478;-0,32%
04/07/2019;54,79;55,18;54,68;55,18;54,98; 0,0162 ;504083712;9167100;24200;1,62%
03/07/2019;53,4;54,3;52,53;54,3;53,6; 0,0208 ;638161920;11904200;24676;2,08%
02/07/2019;53,72;54,25;52,77;53,19;53,46;-0,0128 ;565950400;10586200;32564;-1,28%
01/07/2019;54,56;54,67;53,51;53,88;53,99;-0,0011 ;447241120;8283200;22307;-0,11%
28/06/2019;54,28;54,28;53,35;53,94;53,83; 0,0026 ;764348416;14197400;20005;0,26%
27/06/2019;53,2;54,17;52,94;53,8;53,57; 0,0020 ;723963008;13513800;30130;0,20%
26/06/2019;52,98;53,73;52,7;53,69;53,42; 0,0216 ;695146880;13012300;25445;2,16%
25/06/2019;52,8;53,6;52,25;52,55;52,94;-0,0092 ;830303168;15682100;36004;-0,92%
24/06/2019;52,99;53,9;52,64;53,04;53,33; 0,0024 ;481826400;9033600;25115;0,24%
21/06/2019;52,6;53,5;52,6;52,91;53,15; 0,0078 ;778413760;14645400;30745;0,78%
19/06/2019;51,5;52,5;51,11;52,5;51,87; 0,0164 ;413110336;7964300;23455;1,64%
18/06/2019;50,85;52,05;50,78;51,65;51,59; 0,0233 ;630123200;12212600;28542;2,33%
17/06/2019;50,38;51,05;50,14;50,47;50,63;-0,0009 ;346624704;6846000;15221;-0,09%
14/06/2019;51,34;51,5;49,94;50,52;50,53;-0,0176 ;662062464;13100600;26749;-1,76%
13/06/2019;52,25;52,67;51,27;51,43;51,88;-0,0158 ;805896320;15531800;30089;-1,58%
12/06/2019;52,88;53;51,92;52,26;52,38;-0,0093 ;461985984;8819600;26399;-0,93%
11/06/2019;52,4;52,9;51,84;52,9;52,46; 0,0198 ;689001536;13132800;35539;1,98%
10/06/2019;52,05;52,2;50,97;51,87;51,53;-0,0093 ;471131616;9141300;27108;-0,93%
07/06/2019;52,91;53,12;52,36;52,36;52,76;-0,0081 ;364542912;6909100;19687;-0,81%
06/06/2019;52,07;52,86;51,45;52,79;52,27; 0,0254 ;417149600;7979900;19379;2,54%
05/06/2019;52,86;52,94;51,19;51,48;51,82;-0,0275 ;479736928;9256500;26020;-2,75%
04/06/2019;52,3;52,94;52,02;52,94;52,5; 0,0163 ;598831360;11404900;30010;1,63%
03/06/2019;52,22;52,55;51,65;52,09;52,1; 0,0046 ;400816512;7692400;25278;0,46%
31/05/2019;51,7;52,58;51,13;51,85;51,91;-0,0019 ;527671456;10164600;24902;-0,19%
30/05/2019;51,1;52;51,06;51,95;51,75; 0,0146 ;466791840;9018800;22496;1,46%
29/05/2019;50,93;51,68;50,63;51,2;51,24;-0,0009 ;566778240;11061200;30861;-0,09%
28/05/2019;50,69;51,85;50,46;51,25;51,27; 0,0130 ;819900480;15991100;42344;1,30%
27/05/2019;49,99;50,98;49,99;50,59;50,56; 0,0195 ;386369824;7641500;21281;1,95%
24/05/2019;49,38;49,8;49,05;49,62;49,59; 0,0147 ;459954560;9273900;27318;1,47%
23/05/2019;48,57;49,36;48,27;48,9;48,84; 0,0016 ;436406400;8934600;21522;0,16%
22/05/2019;49,3;49,5;48,4;48,82;49,03;-0,0011 ;402397984;8206200;21918;-0,11%
21/05/2019;46,91;49,38;46,91;49,23;48,58; 0,0571 ;690321344;14208300;46898;5,71%
20/05/2019;45,15;46,84;44,91;46,57;46,3; 0,0383 ;605927360;13086100;34426;3,83%
17/05/2019;45,45;46,46;44,55;44,85;45,42;-0,0173 ;652297536;14360100;35591;-1,73%
16/05/2019;46,8;46,85;45,41;45,64;46,12;-0,0312 ;676738240;14672800;38918;-3,12%
15/05/2019;47,5;47,62;46,63;47,11;47,17;-0,0164 ;492733728;10443800;32115;-1,64%
14/05/2019;48,9;48,98;47,56;47,9;48,06;-0,0097 ;463430496;9642400;25203;-0,97%
13/05/2019;48,71;49,39;48,34;48,37;48,76;-0,0356 ;499737184;10248300;28086;-3,56%
10/05/2019;51,1;51,19;49,86;50,16;50,42;-0,0170 ;452586272;8975300;32298;-1,70%
09/05/2019;50,91;51,26;50,12;51,03;50,75; 0,0086 ;780432576;15377500;46073;0,86%
08/05/2019;49,5;50,84;49,5;50,59;50,59; 0,0222 ;731538432;14459600;40789;2,22%
07/05/2019;49,08;49,68;48,22;49,49;49,09; 0,0024 ;532530656;10846100;26893;0,24%
06/05/2019;49,47;49,67;49,18;49,37;49,4;-0,0141 ;311979776;6314800;15503;-1,41%
03/05/2019;49,91;50,24;49,75;50,08;50,06; 0,0058 ;407128800;8131400;18292;0,58%
02/05/2019;49,3;49,9;49,08;49,79;49,68; 0,0022 ;424684192;8547800;17252;0,22%
30/04/2019;49,56;49,86;49,14;49,68;49,52; 0,0062 ;403596352;8149000;16466;0,62%
29/04/2019;49,6;50,3;48,45;49,37;49,4; 0,0004 ;829065920;16781300;28142;0,04%
26/04/2019;49;49,56;48,7;49,35;49,24; 0,0050 ;425195264;8634100;24092;0,50%
25/04/2019;48,12;49,19;47,76;49,1;48,78; 0,0163 ;479504512;9829500;22641;1,63%
24/04/2019;49,18;49,33;47,95;48,31;48,41;-0,0202 ;504018080;10410400;19913;-2,02%
23/04/2019;48,98;49,35;48,67;49,31;49,1; 0,0200 ;376365952;7663900;18300;2,00%
22/04/2019;48,78;48,78;48,02;48,34;48,35;-0,0104 ;302690048;6259800;16103;-1,04%
18/04/2019;47,66;49,2;47,52;48,85;48,52; 0,0349 ;802614272;16539800;39360;3,49%
17/04/2019;48,1;48,67;46,85;47,2;47,55;-0,0131 ;955413312;20089500;38504;-1,31%
16/04/2019;46,95;48,2;46,5;47,83;47,59; 0,0206 ;631588032;13271400;34418;2,06%
15/04/2019;47,3;47,77;46,16;46,86;47,1; 0,0027 ;602320448;12785800;32296;0,27%
12/04/2019;46,85;48,35;46,3;46,73;47,14;-0,0317 ;825125696;17500900;44360;-3,17%
11/04/2019;48,71;48,97;47,96;48,26;48,36;-0,0112 ;413801984;8555100;19604;-1,12%
10/04/2019;48,84;49,08;48,17;48,81;48,73; 0,0074 ;392523520;8053700;23763;0,74%
09/04/2019;48,89;48,89;47,91;48,45;48,41;-0,0150 ;387487264;8004200;26252;-1,50%
08/04/2019;49,09;49,34;48,64;49,19;49; 0,0016 ;306292096;6250300;15921;0,16%
05/04/2019;49,07;49,65;48,73;49,11;49,21; 0,0057 ;353840800;7189400;23845;0,57%
04/04/2019;48,7;49,2;47,85;48,83;48,76; 0,0120 ;563363392;11552000;30962;1,20%
03/04/2019;49,42;49,75;47,9;48,25;49,08;-0,0106 ;908634816;18510800;26570;-1,06%
02/04/2019;49,5;49,81;48,71;48,77;49,13;-0,0087 ;492945920;10032300;20454;-0,87%
01/04/2019;49,39;49,72;48,9;49,2;49,35; 0,0098 ;365019712;7395200;18877;0,98%
29/03/2019;48,7;49,37;48,25;48,72;48,77; 0,0145 ;533443008;10937100;24382;1,45%
28/03/2019;46,97;48,72;46,45;48,02;47,8; 0,0349 ;1045415360;21866400;47547;3,49%
27/03/2019;48,25;48,25;46,4;46,4;47,19;-0,0553 ;900090112;19072500;51841;-5,53%
26/03/2019;48,95;49,25;47,77;49,12;48,67; 0,0235 ;573424640;11781700;28376;2,35%
25/03/2019;47,38;48,83;47;47,99;48,12; 0,0071 ;657821248;13670300;36210;0,71%
22/03/2019;49,28;49,29;47,5;47,65;48,41;-0,0543 ;1107895552;22882400;53692;-5,43%
21/03/2019;51,57;51,72;49,67;50,39;50,29;-0,0209 ;794589184;15800000;45789;-2,09%
20/03/2019;52,69;52,88;51,47;51,47;51,94;-0,0224 ;691622400;13314100;33771;-2,24%
19/03/2019;54;54,05;52,53;52,65;53,18;-0,0213 ;449939296;8459700;24376;-2,13%
18/03/2019;54,56;54,6;53,7;53,8;53,96;-0,0075 ;652776320;12096900;27488;-0,75%
15/03/2019;53,7;54,29;53,49;54,21;54,03; 0,0085 ;687078592;12714800;20377;0,85%
14/03/2019;54;54,1;52,9;53,75;53,4;-0,0075 ;434510080;8135600;23675;-0,75%
13/03/2019;53,2;54,56;52,91;54,16;53,57; 0,0153 ;513168064;9579100;22226;1,53%
12/03/2019;53,47;53,79;52,39;53,34;53,11;-0,0060 ;426471968;8029400;18291;-0,60%
11/03/2019;52,34;53,8;52,33;53,8;53,08; 0,0306 ;612336192;11535700;27014;3,06%
08/03/2019;50,27;52,35;49,82;52,2;51,18; 0,0350 ;414260736;8093300;24360;3,50%
07/03/2019;50,6;50,95;50,15;50,43;50,52;-0,0033 ;426640896;8443500;21919;-0,33%
07/03/2019;50,6;50,95;50,15;50,43;50,52;-0,0033 ;426640896;8443500;21919;-0,33%
06/03/2019;51,43;52,13;50,5;50,6;51,02;-0,0138 ;263584000;5165800;17339;-1,38%
01/03/2019;50,76;51,51;50,66;51,31;51,13; 0,0140 ;474127424;9272200;29708;1,40%
28/02/2019;52;52,14;50,52;50,6;50,82;-0,0250 ;561374208;11046200;24593;-2,50%
27/02/2019;52,47;52,69;51,85;51,9;52,07;-0,0114 ;326463744;6269600;16298;-1,14%
26/02/2019;52,3;52,92;52;52,5;52,42; 0,0053 ;382001760;7286800;18299;0,53%
25/02/2019;53,67;53,77;52,2;52,22;52,66;-0,0163 ;533985888;10139000;25264;-1,63%
22/02/2019;53,2;53,5;52,58;53,09;52,99; 0,0074 ;384769568;7260200;19279;0,74%
21/02/2019;53,45;53,89;52,9;53,2;53,27; 0,0045 ;551023808;10342700;27470;0,45%
20/02/2019;55,28;55,52;52,96;52,96;54,23;-0,0282 ;904263872;16672300;43527;-2,82%
19/02/2019;54,43;55,91;54,32;54,5;55,25; 0,0042 ;748900672;13553400;33943;0,42%
18/02/2019;54,36;54,78;53,53;54,27;54,34;-0,0098 ;478717472;8809400;22100;-0,98%
15/02/2019;54,7;55,48;54,27;54,81;54,81; 0,0012 ;686975488;12532600;34574;0,12%
14/02/2019;53,2;54,98;52,08;54,74;53,26; 0,0510 ;1483913472;27857700;50908;5,10%
13/02/2019;53,29;53,75;51,65;52,08;52,26;-0,0227 ;770668928;14744400;42340;-2,27%
12/02/2019;50,82;53,47;50,8;53,29;52,46; 0,0615 ;961909312;18333100;37619;6,15%
11/02/2019;52;52,17;50,2;50,2;50,72;-0,0295 ;480294336;9468000;23811;-2,95%
08/02/2019;51,55;52,76;50,91;51,73;51,77; 0,0013 ;520223008;10047300;24883;0,13%
07/02/2019;52;52,76;50,1;51,66;51,49; 0,0066 ;806762304;15667000;34763;0,66%
06/02/2019;53,85;53,92;51,32;51,32;52,45;-0,0609 ;862230016;16436900;35750;-6,09%
05/02/2019;52,65;54,65;52,65;54,65;53,72; 0,0291 ;613905280;11426700;29461;2,91%
04/02/2019;51,72;53,46;51,3;53,1;52,61; 0,0189 ;407193632;7739600;21882;1,89%
01/02/2019;51,56;52,11;51,21;52,11;51,69; 0,0048 ;444769184;8604100;23351;0,48%
31/01/2019;51;52,75;50,89;51,86;51,91; 0,0253 ;783282944;15088300;35883;2,53%
30/01/2019;50;50,58;49,47;50,58;49,99; 0,0130 ;427491296;8550100;24603;1,30%
29/01/2019;49;49,93;48,59;49,93;49,22; 0,0333 ;600724160;12203700;29857;3,33%
28/01/2019;48;49,22;48;48,32;48,61;-0,0128 ;408439008;8400800;23259;-1,28%
24/01/2019;49,19;49,57;48,75;48,95;49,13;-0,0050 ;486562848;9903400;28294;-0,50%
23/01/2019;48,45;49,42;48,2;49,2;48,93; 0,0207 ;499022144;10197300;23355;2,07%
22/01/2019;48,4;48,92;47,93;48,2;48,47;-0,0018 ;494164992;10193300;18839;-0,18%
21/01/2019;48,62;48,75;47,7;48,29;48,11;-0,0053 ;399320736;8299600;21060;-0,53%
18/01/2019;49,01;49,43;48,55;48,55;48,98;-0,0083 ;640767872;13081700;24752;-0,83%
17/01/2019;48,84;49,49;48,4;48,96;48,88; 0,0036 ;634522368;12979300;30442;0,36%
16/01/2019;49,35;49,42;48,67;48,78;49,02;-0,0095 ;327245472;6674700;16250;-0,95%
15/01/2019;49,53;49,94;48,97;49,25;49,5;-0,0116 ;457558496;9243100;18625;-1,16%
14/01/2019;48,7;49,83;48,5;49,83;49,18; 0,0232 ;441397280;8974400;25579;2,32%
11/01/2019;48,48;48,89;48,12;48,7;48,66; 0,0041 ;334679776;6877500;20067;0,41%
10/01/2019;47,45;48,81;47,15;48,5;48,26; 0,0146 ;495348768;10262600;26686;1,46%
09/01/2019;48,35;48,35;47,48;47,8;47,84;-0,0027 ;799860928;16718000;37631;-0,27%
08/01/2019;48,6;49,05;46,83;47,93;47,73;-0,0113 ;693029056;14517300;33785;-1,13%
07/01/2019;48,83;49,47;48,17;48,48;48,84;-0,0065 ;458799936;9393500;19597;-0,65%
04/01/2019;48,08;49,83;47,92;48,8;48,73; -   ;431765856;8859200;25102;0,00%
03/01/2019;48,5;49,2;47,85;48,8;48,59; 0,0041 ;431452352;8879100;25924;0,41%
02/01/2019;46,2;49,7;46,09;48,6;48,53; 0,0453 ;723388480;14905300;44353;4,53%
28/12/2018;45,19;46,49;44,85;46,49;45,68; 0,0303 ;593221760;12985900;33032;3,03%
27/12/2018;44,28;45,12;44,07;45,12;44,61; 0,0166 ;313841760;7034400;17766;1,66%
26/12/2018;43,77;44,38;43,04;44,38;43,84; 0,0065 ;323504224;7378200;17355;0,65%
21/12/2018;44,06;44,75;43,73;44,09;44,11; 0,0002 ;616532032;13974100;15749;0,02%
20/12/2018;44;44,54;43,8;44,08;44,09; 0,0063 ;341364832;7741700;20982;0,63%
19/12/2018;44;44,7;43,8;43,8;44,15; -   ;335203456;7590900;19403;0,00%
18/12/2018;44;44,42;43,76;43,8;44,01; 0,0022 ;353677344;8036000;20963;0,22%
17/12/2018;44,05;44,53;43,51;43,7;43,96;-0,0090 ;288897568;6570700;17341;-0,90%
14/12/2018;43,77;44,5;43,65;44,1;44,14; 0,0004 ;313697184;7105700;17584;0,04%
13/12/2018;43;44,25;42,64;44,08;43,65; 0,0255 ;350212512;8022000;19387;2,55%
12/12/2018;43,19;43,6;42,86;42,98;43,21; 0,0022 ;538899264;12471100;30123;0,22%
11/12/2018;43,3;43,55;42,48;42,99;42,99; 0,0058 ;400607872;9318100;21048;0,58%
10/12/2018;43,95;44,25;42,6;42,74;43,19;-0,0292 ;411192672;9518500;17987;-2,92%
07/12/2018;44,36;44,93;43,81;44,03;44,38;-0,0076 ;347693120;7834000;19477;-0,76%
06/12/2018;43,48;44,37;43,08;44,37;43,72; 0,0061 ;360994336;8255600;24059;0,61%
05/12/2018;43,85;44,17;43,42;44,1;43,81; 0,0100 ;216890256;4950700;11603;1,00%
04/12/2018;44,11;44,6;43,33;43,66;43,95;-0,0099 ;486840064;11076300;24032;-0,99%
03/12/2018;45,6;45,6;44,05;44,1;44,63;-0,0118 ;556561792;12470500;38531;-1,18%
30/11/2018;45,28;45,32;44,3;44,63;44,83;-0,0134 ;505114368;11265500;31981;-1,34%
29/11/2018;45,4;45,91;44,97;45,24;45,43;-0,0113 ;440943168;9704000;19881;-1,13%
28/11/2018;45,3;45,8;44,36;45,76;45,26; 0,0157 ;599380608;13240700;29308;1,57%
27/11/2018;44,05;45,4;43,65;45,05;44,81; 0,0236 ;603563456;13467400;28022;2,36%
26/11/2018;45,07;45,73;43,62;44,01;44,64;-0,0176 ;508009792;11379600;23353;-1,76%
23/11/2018;45;45,79;44,71;44,8;45,18; 0,0078 ;657063744;14543200;33183;0,78%
22/11/2018;44,06;44,87;43,6;44,45;44,33; 0,0184 ;471164064;10627300;21795;1,84%
21/11/2018;43,5;44,1;43,27;44;43,87;-0,0022 ;546629248;12460100;25619;-0,22%
19/11/2018;43,11;44,3;42,84;44,1;43,62; 0,0234 ;699973824;16046600;29695;2,34%
16/11/2018;42,08;43,1;41,83;43,09;42,65; 0,0316 ;638148352;14961700;32616;3,16%
14/11/2018;41,75;42,01;40,93;41,77;41,53; 0,0016 ;649844224;15645500;28827;0,16%
13/11/2018;42,25;42,63;41,53;41,7;42,14;-0,0113 ;473108928;11226800;28432;-1,13%
12/11/2018;41,78;42,49;41,29;42,18;41,94; 0,0163 ;462009472;11014600;26516;1,63%
09/11/2018;40,5;41,77;39,73;41,5;40,98; 0,0221 ;520539136;12701700;28357;2,21%
08/11/2018;42,55;42,76;40,52;40,6;41,29;-0,0205 ;715116032;17319300;38849;-2,05%
07/11/2018;42,78;43,08;40,86;41,45;41,79;-0,0240 ;490763264;11743000;34857;-2,40%
06/11/2018;42,51;43,24;42,26;42,47;42,81;-0,0216 ;517575840;12087500;23506;-2,16%
05/11/2018;43,55;43,59;42,72;43,41;43,13; 0,0006 ;448296448;10391700;30397;0,06%
01/11/2018;42,8;43,56;42,44;43,38;43,14; 0,0147 ;677695552;15709200;35451;1,47%
31/10/2018;43,45;43,6;41,62;42,75;42,49;-0,0081 ;528207648;12428600;31421;-0,81%
30/10/2018;42,62;43,4;41,72;43,1;42,77; 0,0293 ;956589376;22364100;51469;2,93%
29/10/2018;44;44,5;41,24;41,87;43,23;-0,0129 ;1594164608;36870500;74808;-1,29%
26/10/2018;40,5;42,57;39,62;42,42;40,81; 0,0578 ;839886976;20575700;46132;5,78%
25/10/2018;39,65;40,35;39,41;40,1;39,95; 0,0255 ;578570368;14481500;33301;2,55%
24/10/2018;40,05;40,32;39,06;39,1;39,73;-0,0222 ;548882496;13813200;29619;-2,22%
23/10/2018;39,24;40,19;39,11;39,99;39,62; 0,0035 ;549380416;13862900;26383;0,35%
22/10/2018;39,85;40,24;39,71;39,85;39,97; 0,0068 ;403331776;10089700;23399;0,68%
19/10/2018;39,83;39,86;39,16;39,58;39,53; 0,0084 ;386967520;9787200;19729;0,84%
18/10/2018;39,32;39,98;39,22;39,25;39,57;-0,0115 ;627734080;15863700;24940;-1,15%
17/10/2018;38,78;39,74;38,61;39,71;39,46; 0,0086 ;643130880;16295800;32793;0,86%
16/10/2018;38,21;39,5;38,21;39,37;38,98; 0,0437 ;709446592;18196300;38075;4,37%
15/10/2018;37,92;38,44;37,41;37,72;37,81; 0,0139 ;500182240;13226100;36630;1,39%
11/10/2018;38;38,17;36,79;37,2;37,66;-0,0040 ;718093376;19067000;33846;-0,40%
10/10/2018;38,2;38,2;37,12;37,35;37,5;-0,0423 ;781610560;20840800;37501;-4,23%
09/10/2018;38,91;39,7;38,4;39;39,13;-0,0051 ;993540544;25385300;41151;-0,51%
08/10/2018;40,5;40,75;38,57;39,2;39,38; 0,0968 ;1651574144;41931900;73620;9,68%
05/10/2018;36,05;36,29;34,59;35,74;35,51; 0,0176 ;840648000;23667700;49645;1,76%
04/10/2018;33,68;35,88;33,52;35,12;34,46; 0,0245 ;962350912;27920000;42231;2,45%
03/10/2018;35;35,42;33,33;34,28;34,32; 0,0906 ;1212926720;35336300;65490;9,06%
02/10/2018;29,7;31,56;29,65;31,43;30,43; 0,1141 ;997936640;32791500;52967;11,41%
01/10/2018;29,55;29,76;28,2;28,21;28,58;-0,0421 ;448201664;15677500;22740;-4,21%
28/09/2018;29,83;29,98;29,3;29,45;29,63;-0,0277 ;379007520;12790900;17077;-2,77%
27/09/2018;29,68;30,3;29,68;30,29;30,12; 0,0285 ;264100976;8767900;16260;2,85%
26/09/2018;29,65;29,97;29,21;29,45;29,6;-0,0033 ;380243680;12842400;24493;-0,33%
25/09/2018;29,03;29,76;28,81;29,55;29,25;-0,0060 ;343501856;11742900;21148;-0,60%
24/09/2018;30,38;30,7;29,5;29,73;29,95;-0,0277 ;392075328;13086900;16703;-2,77%
21/09/2018;29,73;30,58;29,34;30,58;30,14; 0,0366 ;491415936;16301600;23662;3,66%
20/09/2018;29,88;29,92;29,17;29,5;29,48; 0,0027 ;190058880;6445800;16014;0,27%
19/09/2018;29,35;30,25;29,05;29,42;29,64;-0,0100 ;351884320;11869300;23687;-1,00%
18/09/2018;28,39;29,72;28,27;29,72;29,22; 0,0446 ;465120800;15914000;39791;4,46%
17/09/2018;27,4;28,45;27,3;28,45;28,01; 0,0341 ;400380448;14290300;21398;3,41%
14/09/2018;27,29;27,64;26,76;27,51;27,29; 0,0080 ;305753504;11201700;24369;0,80%
13/09/2018;27,9;27,95;27,12;27,29;27,46;-0,0133 ;186660224;6797100;17616;-1,33%
12/09/2018;28;28,16;27,47;27,66;27,89; 0,0040 ;442735360;15871600;23919;0,40%
11/09/2018;28,24;28,25;27,57;27,62;27,84;-0,0452 ;344773888;12381000;24114;-4,52%
10/09/2018;29,73;29,92;28,75;28,93;29,17;-0,0136 ;410206816;14060800;28694;-1,36%
06/09/2018;29,2;29,5;28,4;29,33;28,88; 0,0223 ;294735104;10203100;21928;2,23%
05/09/2018;28,31;29,26;28,1;28,69;28,77; 0,0017 ;215341600;7484400;16415;0,17%
04/09/2018;29,4;29,49;28,52;28,64;28,89;-0,0255 ;318902144;11037500;15573;-2,55%
03/09/2018;29,86;29,92;29,39;29,39;29,63;-0,0235 ;175247968;5914200;12094;-2,35%
31/08/2018;29,96;30,73;29,72;30,1;30,24; 0,0056 ;327380192;10822800;17851;0,56%
31/08/2018;29,96;30,73;29,72;30,1;30,24; 0,0056 ;327380192;10822800;17851;0,56%
30/08/2018;30,96;30,96;29,82;29,93;30,25;-0,0373 ;334994432;11072100;21656;-3,73%
29/08/2018;30,64;31,43;30,5;31,09;31,05; 0,0226 ;251903360;8111700;16932;2,26%
28/08/2018;30,6;30,85;30,25;30,4;30,48;-0,0049 ;185085232;6072300;14646;-0,49%
27/08/2018;29,8;30,55;29,75;30,55;30,23; 0,0307 ;210430128;6959700;12335;3,07%
24/08/2018;29,93;30,08;28,9;29,64;29,55; 0,0136 ;313343904;10600900;24672;1,36%
23/08/2018;30;30,58;29,15;29,24;29,84;-0,0253 ;514440992;17236400;37749;-2,53%
22/08/2018;29;30,19;28,73;30;29,61; 0,0347 ;408902752;13807200;30601;3,47%
21/08/2018;30,3;30,48;29,18;29,22;29,73;-0,0397 ;452876256;15229000;34946;-3,97%
20/08/2018;31,27;31,52;30,2;30,43;30,6;-0,0265 ;484510976;15831700;34623;-2,65%
17/08/2018;31,9;32,24;31,21;31,26;31,57;-0,0351 ;445003616;14094300;32326;-3,51%
16/08/2018;32,68;32,92;32,2;32,4;32,55; 0,0030 ;316168032;9712800;16053;0,30%
15/08/2018;32,4;32,72;32,1;32,3;32,37;-0,0212 ;415322016;12827000;20748;-2,12%
14/08/2018;32,45;33,06;32,15;33;32,62; 0,0344 ;278989984;8551200;19818;3,44%
13/08/2018;31,6;32,2;31,2;31,9;31,79; 0,0047 ;283086656;8903700;21818;0,47%
10/08/2018;33,05;33,13;31,5;31,75;32;-0,0550 ;640314112;20007700;35638;-5,50%
09/08/2018;33,2;33,92;33,1;33,6;33,42; 0,0297 ;522170048;15623500;33655;2,97%
08/08/2018;33,65;33,92;32,57;32,63;33,23;-0,0280 ;306684416;9226800;23503;-2,80%
07/08/2018;34,4;34,67;33,17;33,57;33,98;-0,0212 ;342361792;10073800;25089;-2,12%
06/08/2018;34,36;34,5;33,92;34,3;34,23; 0,0020 ;172730672;5046000;12441;0,20%
03/08/2018;33,52;34,52;33,43;34,23;34,06; 0,0300 ;434476576;12755500;25905;3,00%
02/08/2018;32,75;33,6;32,65;33,23;33,26; 0,0078 ;257838016;7750900;14715;0,78%
01/08/2018;32,22;33,25;32,22;32,97;32,92; 0,0144 ;252684112;7674600;16402;1,44%
31/07/2018;32,76;32,84;32,09;32,5;32,44;-0,0118 ;225738432;6957100;17169;-1,18%
30/07/2018;33;33,25;32,77;32,89;32,97; 0,0003 ;158173552;4796900;8348;0,03%
27/07/2018;32,7;33,3;32,45;32,88;32,86; 0,0123 ;218841696;6658600;15560;1,23%
26/07/2018;33,54;33,67;32,41;32,48;32,94;-0,0324 ;251086832;7621400;19381;-3,24%
25/07/2018;33,14;33,74;33,14;33,57;33,49; 0,0160 ;279264352;8337600;19722;1,60%
24/07/2018;33,2;33,42;32,88;33,04;33,08; 0,0079 ;213969840;6468000;12452;0,79%
23/07/2018;33;33,2;32,63;32,78;32,86;-0,0066 ;184806720;5622900;11251;-0,66%
20/07/2018;32,5;33,33;32,07;33;32,89; 0,0529 ;643772608;19568500;42144;5,29%
19/07/2018;31,17;31,34;30,37;31,34;30,74;-0,0088 ;840465280;27335300;28586;-0,88%
18/07/2018;31,8;32,23;31,39;31,62;31,62;-0,0062 ;406081696;12842500;26106;-0,62%
17/07/2018;30,63;32,1;30,57;31,82;31,52; 0,0334 ;364941376;11575800;25384;3,34%
16/07/2018;31,08;31,37;30,45;30,79;30,95;-0,0109 ;275164992;8889800;20346;-1,09%
13/07/2018;30,3;31,13;30,16;31,13;30,73; 0,0253 ;309319840;10064100;18994;2,53%
12/07/2018;29,9;30,54;29,9;30,36;30,36; 0,0191 ;302568288;9964000;17646;1,91%
11/07/2018;28,95;29,98;28,71;29,79;29,62; 0,0198 ;431566720;14568700;19045;1,98%
10/07/2018;29,9;30,21;29;29,21;29,61;-0,0084 ;433133760;14625100;21262;-0,84%
06/07/2018;29,54;30,04;29,06;29,46;29,47;-0,0110 ;269396064;9140400;19901;-1,10%
05/07/2018;30,68;30,79;29,61;29,79;30,12;-0,0232 ;297524448;9877400;22992;-2,32%
04/07/2018;29,84;30,54;29,46;30,5;30,06; 0,0286 ;191294848;6362400;12946;2,86%
03/07/2018;29,64;30,1;29,54;29,65;29,78; 0,0088 ;301346304;10117900;25515;0,88%
02/07/2018;28,28;29,4;28,2;29,39;28,81; 0,0258 ;249894704;8673300;22348;2,58%
29/06/2018;28,58;28,9;28,05;28,65;28,56; 0,0177 ;393312096;13771200;32078;1,77%
28/06/2018;26,53;28,15;26,53;28,15;27,55; 0,0574 ;307587456;11161000;19377;5,74%
27/06/2018;27,18;28,17;26,53;26,62;27,42;-0,0206 ;402067072;14659000;34460;-2,06%
26/06/2018;27,06;27,48;26,77;27,18;27,1; 0,0119 ;323661952;11940500;26261;1,19%
25/06/2018;26,35;27;25,97;26,86;26,37; 0,0291 ;292840576;11104100;19821;2,91%
22/06/2018;26,33;26,62;25,89;26,1;26,21; 0,0034 ;227377568;8674400;20312;0,34%
21/06/2018;26,78;26,98;25,91;26,01;26,33;-0,0366 ;270642272;10276000;29077;-3,66%
20/06/2018;26,67;27,03;26,12;27;26,61; 0,0289 ;443216352;16649900;27821;2,89%
19/06/2018;24,26;26,8;24,14;26,24;25,97; 0,0701 ;413571200;15920200;37678;7,01%
18/06/2018;24,78;25,35;24,52;24,52;24,83;-0,0192 ;279320960;11245800;27410;-1,92%
15/06/2018;25,3;25,4;24,31;25;24,86;-0,0118 ;746972992;30036900;39908;-1,18%
14/06/2018;26,75;26,88;25,3;25,3;25,87;-0,0452 ;380238112;14695600;23594;-4,52%
13/06/2018;27;27,25;25,94;26,5;26,54;-0,0181 ;425105248;16014100;27887;-1,81%
12/06/2018;26,3;27,32;26,07;26,99;26,73; 0,0383 ;372287040;13926600;29328;3,83%
11/06/2018;27,4;27,6;26,01;26,06;26,57;-0,0330 ;268841376;10115900;26038;-3,30%
08/06/2018;26,85;27,78;25,16;26,95;26,69; 0,0143 ;600659648;22504900;56575;1,43%
07/06/2018;27,1;27,27;25;26,57;26,25;-0,0401 ;696098688;26508700;55344;-4,01%
06/06/2018;29;29,24;27,68;27,68;28,22;-0,0494 ;401338720;14217000;35111;-4,94%
05/06/2018;30,85;30,96;29,07;29,12;29,91;-0,0636 ;358697728;11989800;24634;-6,36%
04/06/2018;31,22;31,4;30,78;31,1;31,1; 0,0143 ;259759200;8349900;21906;1,43%
01/06/2018;31,14;31,28;29,12;30,66;29,99; 0,0095 ;603874816;20132000;51610;0,95%
30/05/2018;28,55;30,37;28,54;30,37;29,74; 0,0652 ;644081856;21656500;38321;6,52%
29/05/2018;28,6;28,95;27,81;28,51;28,39; 0,0225 ;413135360;14549100;42454;2,25%
28/05/2018;29,7;29,7;27,73;27,88;28,4;-0,0734 ;416367424;14659600;34453;-7,34%
25/05/2018;31,16;31,29;29,95;30,09;30,58;-0,0208 ;295914944;9675400;23684;-2,08%
24/05/2018;30,6;31,2;30,19;30,73;30,7;-0,0305 ;624887872;20349000;46647;-3,05%
23/05/2018;32;32,25;31,6;31,7;31,8;-0,0216 ;282178432;8873000;18917;-2,16%
22/05/2018;32,15;32,83;31,93;32,4;32,41; 0,0211 ;346696480;10694800;23105;2,11%
21/05/2018;33,49;33,49;31,9;31,91;32,34;-0,0238 ;308520128;9539100;23644;-2,38%
18/05/2018;32,3;32,96;31,6;32,69;32,29;-0,0054 ;381038624;11799100;28927;-0,54%
17/05/2018;34,39;34,39;32,85;32,87;33,25;-0,0464 ;456321056;13723600;34119;-4,64%
16/05/2018;34;34,73;34;34,47;34,48; 0,0147 ;258148400;7486300;18651;1,47%
15/05/2018;34,4;34,4;33,69;33,97;33,93;-0,0272 ;412483264;12155100;25539;-2,72%
14/05/2018;35,81;36,23;34,4;34,92;35,2;-0,0248 ;310042624;8806800;24421;-2,48%
11/05/2018;36,32;36,54;35,59;35,81;36,02;-0,0047 ;329312320;9142300;19907;-0,47%
10/05/2018;36,97;36,97;35,81;35,98;36,15;-0,0366 ;740557312;20485000;31587;-3,66%
09/05/2018;36,1;37,35;35,96;37,35;36,62; 0,0421 ;479222784;13083200;27693;4,21%
08/05/2018;35,15;36,19;35;35,84;35,58; 0,0272 ;316102496;8884200;21576;2,72%
07/05/2018;35,18;35,67;34,89;34,89;35,22;-0,0011 ;260899840;7406900;18324;-0,11%
04/05/2018;35;35,31;34,62;34,93;34,95;-0,0020 ;246447376;7049500;18508;-0,20%
03/05/2018;36;36,22;35;35;35,34;-0,0283 ;309691904;8761300;23871;-2,83%
02/05/2018;36,5;36,71;35,8;36,02;36,11;-0,0185 ;235027616;6507600;19979;-1,85%
30/04/2018;37,5;37,6;36,55;36,7;36,9;-0,0174 ;202457648;5485700;10864;-1,74%
27/04/2018;37,6;37,84;37,19;37,35;37,5; -   ;231340208;6168600;19273;0,00%
26/04/2018;37,33;37,57;36,97;37,35;37,29; 0,0078 ;236155920;6331600;19233;0,78%
25/04/2018;36,33;37,13;35,9;37,06;36,47; 0,0131 ;256004240;7018400;18529;1,31%
24/04/2018;37,11;37,38;36,34;36,58;36,72;-0,0097 ;364558496;9927400;21715;-0,97%
23/04/2018;37,35;37,36;36,48;36,94;36,86;-0,0180 ;346833568;9408800;17956;-1,80%
20/04/2018;37,67;37,95;37,35;37,62;37,64;-0,0110 ;197287808;5240600;12067;-1,10%
19/04/2018;38,13;38,2;37,6;38,04;37,82; 0,0005 ;373795136;9881000;18520;0,05%
18/04/2018;37,33;38,5;37,33;38,02;38,13; 0,0228 ;443904256;11640100;23811;2,28%
17/04/2018;36,68;37,31;36,5;37,17;36,88; 0,0239 ;276054112;7483700;19846;2,39%
16/04/2018;37,9;38,19;36,3;36,3;36,88;-0,0356 ;419845824;11382900;28711;-3,56%
13/04/2018;39;39,15;37,64;37,64;38,05;-0,0336 ;382030752;10039500;20775;-3,36%
12/04/2018;39,12;39,45;38,9;38,95;39,16;-0,0025 ;229653408;5863300;12692;-0,25%
11/04/2018;38,4;39,45;38,4;39,05;39,14; 0,0082 ;220787744;5640000;20108;0,82%
10/04/2018;39,83;39,83;38,21;38,73;38,69;-0,0119 ;504037600;13025800;31414;-1,19%
09/04/2018;40,68;40,91;38,74;39,2;39,47;-0,0363 ;329370400;8344600;22645;-3,63%
06/04/2018;41,02;41,02;40,02;40,68;40,51;-0,0131 ;313674784;7741500;17853;-1,31%
05/04/2018;41,74;41,75;40,88;41,22;41,31; 0,0292 ;496768288;12022800;28803;2,92%
04/04/2018;38,81;40,05;38,72;40,05;39,29; 0,0083 ;301614528;7675500;18425;0,83%
03/04/2018;40,37;40,75;39,59;39,72;40,11;-0,0131 ;258723344;6449200;14601;-1,31%
02/04/2018;41,04;41,14;40,18;40,25;40,56;-0,0190 ;312811872;7711800;20631;-1,90%
29/03/2018;40,61;41,5;40,45;41,03;41,04; 0,0176 ;314316992;7658300;22780;1,76%
28/03/2018;40,1;40,57;39,73;40,32;40,13;-0,0032 ;319162688;7951800;22582;-0,32%
27/03/2018;41,71;41,75;40,05;40,45;40,88;-0,0248 ;463370976;11333200;18712;-2,48%
26/03/2018;41,79;41,9;41,18;41,48;41,49; 0,0067 ;170465120;4107700;13454;0,67%
23/03/2018;41,12;41,9;40,76;41,2;41,37;-0,0069 ;369714592;8936700;20931;-0,69%
22/03/2018;41,89;42,53;41,14;41,49;41,9;-0,0179 ;331489696;7910300;16660;-1,79%
21/03/2018;41,52;42,3;41,28;42,25;41,7; 0,0166 ;505468096;12119200;19411;1,66%
20/03/2018;41,69;41,82;41,07;41,56;41,43; 0,0038 ;248760752;6004100;13443;0,38%
19/03/2018;42,2;42,33;41,33;41,4;41,75;-0,0235 ;439277632;10521100;19808;-2,35%
16/03/2018;42,5;42,82;42,09;42,4;42,46; 0,0002 ;995674816;23449400;20690;0,02%
15/03/2018;42,19;42,43;41,69;42,39;42,12;-0,0021 ;368773152;8754700;17080;-0,21%
14/03/2018;42,99;43,08;42,01;42,48;42,36;-0,0086 ;632973952;14940000;17659;-0,86%
13/03/2018;43,48;43,57;42,69;42,85;43;-0,0129 ;365343808;8494700;17958;-1,29%
12/03/2018;43,71;43,71;43;43,48;43,3;-0,0052 ;378830208;8748700;21168;-0,52%
12/03/2018;43,71;43,71;43;43,48;43,3;-0,0052 ;378830208;8748700;21168;-0,52%
09/03/2018;43,51;44,05;43,09;43,71;43,68; 0,0066 ;400706624;9173400;22251;0,66%
08/03/2018;44;44,3;42,88;43,42;43,59; 0,0053 ;391628096;8983800;20719;0,53%
07/03/2018;43,1;43,6;42,61;43,19;43,08;-0,0068 ;340562656;7905300;18745;-0,68%
06/03/2018;42,8;43,96;42,8;43,49;43,6; 0,0220 ;651512960;14942600;37414;2,20%
05/03/2018;42,25;42,88;41,92;42,55;42,48; 0,0082 ;256458992;6035900;20072;0,82%
02/03/2018;41,56;42,41;41,2;42,2;41,84; 0,0073 ;237846544;5683600;16168;0,73%
01/03/2018;41,78;42,25;41,6;42,1;42; 0,0071 ;303890528;7234200;25514;0,71%
28/02/2018;42,3;42,88;41,52;41,8;42,02;-0,0187 ;326651776;7773500;20438;-1,87%
27/02/2018;42,85;43,1;42,3;42,6;42,77;-0,0097 ;254823920;5957000;13926;-0,97%
26/02/2018;42,52;43,11;42,52;43,02;42,9; 0,0146 ;300096032;6994200;18749;1,46%
23/02/2018;42,5;42,69;41,95;42,4;42,33; -   ;364730400;8615600;19367;0,00%
22/02/2018;43,13;43,28;42,14;42,4;42,69; 0,0311 ;729016256;17075800;36102;3,11%
21/02/2018;40,7;41,44;40,7;41,12;41,09; 0,0078 ;486179200;11831700;27642;0,78%
20/02/2018;39,25;40,93;39,13;40,8;40,17; 0,0295 ;361155200;8990400;21606;2,95%
19/02/2018;40,2;40,56;39,18;39,63;39,89;-0,0166 ;183852784;4608900;10962;-1,66%
16/02/2018;40,13;40,31;39,7;40,3;40,04; 0,0100 ;263406208;6577100;15584;1,00%
15/02/2018;40;40,2;39,6;39,9;39,9; 0,0085 ;448113376;11229500;21286;0,85%
14/02/2018;38,05;39,74;38,05;39,56;38,88; 0,0460 ;419538848;10787900;23913;4,60%
09/02/2018;38,66;38,79;37,26;37,82;37,96;-0,0186 ;382167456;10066800;29374;-1,86%
08/02/2018;40,01;40,22;38,54;38,54;39,3;-0,0314 ;497278304;12651200;28907;-3,14%
07/02/2018;39,73;40,61;39,49;39,79;40,05; 0,0010 ;560455936;13992300;31295;0,10%
06/02/2018;37,65;40,08;37,31;39,75;38,84; 0,0438 ;506599232;13040200;33964;4,38%
05/02/2018;38,8;39,41;38,03;38,08;38,78;-0,0298 ;234408048;6043400;15150;-2,98%
02/02/2018;39,3;39,59;39,05;39,25;39,28;-0,0135 ;330401024;8409600;25227;-1,35%
01/02/2018;39,43;40,05;39,38;39,79;39,84; 0,0027 ;437963008;10992500;30910;0,27%
31/01/2018;39,4;40,1;39,4;39,68;39,89; 0,0226 ;508715392;12752900;26045;2,26%
30/01/2018;38,47;38,95;38,3;38,8;38,71;-0,0038 ;419368256;10832100;19284;-0,38%
29/01/2018;38,91;39,2;38,51;38,95;38,95;-0,0056 ;518908928;13322200;32200;-0,56%
26/01/2018;38,4;39,5;38,15;39,17;38,93; 0,0310 ;944495872;24260100;78263;3,10%
24/01/2018;35,5;37,99;35,44;37,99;37,01; 0,0792 ;1026047552;27722100;54266;7,92%
23/01/2018;34,97;35,49;34,7;35,2;35,09; 0,0037 ;622321024;17731400;32402;0,37%
22/01/2018;35;35,2;34,52;35,07;34,85; 0,0034 ;221007408;6341000;18809;0,34%
19/01/2018;35,31;35,8;34,95;34,95;35,21;-0,0065 ;286782176;8142700;14768;-0,65%
18/01/2018;35,58;35,58;34,73;35,18;35,19;-0,0067 ;331878368;9429400;19247;-0,67%
17/01/2018;34,61;35,57;34,46;35,42;34,99; 0,0236 ;424601632;12134800;24141;2,36%
16/01/2018;34,47;34,69;34,33;34,6;34,55; 0,0087 ;214882768;6219300;15287;0,87%
15/01/2018;34,13;34,45;34,13;34,3;34,31; 0,0049 ;179991248;5244600;12407;0,49%
12/01/2018;33,67;34,16;33,62;34,13;33,91; 0,0023 ;259491824;7650400;17238;0,23%
11/01/2018;33,43;34,22;33,35;34,05;33,8; 0,0228 ;327374208;9684400;15340;2,28%
10/01/2018;33,2;33,59;32,82;33,29;33,38;-0,0041 ;169259424;5070000;13295;-0,41%
09/01/2018;33,59;33,8;33,38;33,43;33,56;-0,0094 ;195449072;5822500;13350;-0,94%
08/01/2018;33,64;33,75;33,34;33,75;33,63; 0,0023 ;172545632;5130600;14173;0,23%
05/01/2018;33,7;33,9;33,29;33,67;33,61; -   ;177069424;5267800;14131;0,00%
04/01/2018;33,52;33,96;33,45;33,67;33,8; 0,0095 ;325419136;9625200;22591;0,95%
03/01/2018;33,1;33,42;32,82;33,35;33,18; 0,0127 ;271293056;8175100;20965;1,27%
02/01/2018;32,09;32,93;32,09;32,93;32,72; 0,0348 ;300320800;9178100;22561;3,48%