"tipoCrime","horaFato","municipio"
420,18,45
420,19,19
420,18,19
420,2,133
420,0,116
420,21,116
420,20,116
420,20,116
420,22,116
420,0,134
420,0,134
420,14,134
420,1,19
420,3,19
420,4,19
420,9,19
420,13,19
420,19,19
420,18,19
420,19,19
420,19,19
420,19,19
420,19,19
420,20,19
420,21,19
420,21,19
420,21,19
420,20,19
420,21,19
420,21,19
420,22,19
420,22,19
420,22,19
420,23,19
420,1,9
420,5,9
420,6,9
420,11,9
420,12,9
420,12,9
420,15,9
420,19,9
420,21,9
420,21,9
420,20,9
420,21,9
420,20,9
420,20,9
420,22,9
420,23,9
420,0,9
420,1,9
420,1,9
420,0,9
420,1,9
420,1,9
420,0,9
420,1,9
420,0,9
420,0,9
420,2,9
420,3,9
420,4,9
420,5,9
420,6,9
420,7,9
420,6,9
420,8,9
420,8,9
420,11,9
420,10,9
420,11,9
420,11,9
420,13,9
420,13,9
420,13,9
420,15,9
420,14,9
420,14,9
420,16,9
420,16,9
420,19,9
420,19,9
420,19,9
420,18,9
420,19,9
420,19,9
420,19,9
420,19,9
420,19,9
420,18,9
420,19,9
420,19,9
420,20,9
420,20,9
420,20,9
420,20,9
420,20,9
420,20,9
420,22,9
420,22,9
420,23,9
420,23,9
420,22,9
420,22,9
420,23,9
420,22,9
420,17,19
420,20,19
420,1,19
420,12,19
420,18,19
420,19,19
420,21,19
420,21,19
420,22,19
420,17,19
420,20,116
420,21,116
420,21,126
420,2,23
420,18,23
420,4,1
420,11,1
420,11,1
420,17,1
420,16,1
420,14,124
420,13,116
420,13,116
420,17,116
420,22,116
420,11,127
420,4,87
420,5,87
420,23,87
420,1,102
420,2,102
420,11,102
420,19,102
420,23,102
420,20,106
420,1,65
420,19,65
420,7,111
420,6,111
420,7,111
420,8,111
420,8,111
420,9,111
420,10,111
420,11,111
420,11,111
420,11,111
420,12,111
420,16,111
420,16,111
420,19,35
420,20,35
420,12,89
420,23,89
420,19,143
420,10,111
420,7,33
420,3,111
420,8,111
420,1,19
420,17,19
420,23,19
420,1,9
420,4,9
420,7,9
420,9,9
420,10,9
420,13,9
420,13,9
420,12,9
420,16,9
420,17,9
420,16,9
420,17,9
420,19,9
420,19,9
420,22,9
420,23,9
420,11,102
420,1,9
420,4,9
420,4,9
420,4,9
420,7,9
420,7,9
420,7,9
420,7,9
420,11,9
420,12,9
420,15,9
420,19,9
420,18,9
420,18,9
420,20,9
420,21,9
420,21,9
420,21,9
420,10,12
420,10,12
420,18,12
420,18,12
420,21,12
420,22,12
420,8,1
420,17,1
420,5,23
420,17,23
420,4,19
420,6,19
420,12,19
420,18,19
420,1,1
420,16,22
420,2,23
420,23,34
420,3,67
420,17,73
420,17,107
420,2,111
420,18,111
420,20,114
420,5,129
420,11,121
420,10,53
420,2,111
420,2,111
420,2,31
420,18,142
420,2,17
420,11,17
420,17,17
420,17,17
420,3,19
420,4,19
420,4,19
420,9,19
420,18,19
420,20,19
420,23,19
420,3,19
420,10,19
420,12,19
420,2,140
420,17,140
420,22,140
420,1,58
420,1,58
420,2,58
420,16,58
420,22,58
420,16,61
420,20,61
420,1,81
420,1,87
420,20,87
420,5,89
420,15,89
420,17,89
420,19,89
420,5,102
420,11,127
420,2,65
420,8,65
420,12,65
420,23,65
420,23,65
420,23,65
420,7,18
420,0,19
420,1,19
420,1,19
420,0,19
420,0,19
420,1,19
420,1,19
420,1,19
420,0,19
420,3,19
420,3,19
420,2,19
420,2,19
420,2,19
420,5,19
420,5,19
420,4,19
420,9,19
420,10,19
420,13,19
420,12,19
420,12,19
420,13,19
420,12,19
420,13,19
420,14,19
420,17,19
420,17,19
420,17,19
420,16,19
420,19,19
420,19,19
420,19,19
420,18,19
420,19,19
420,19,19
420,19,19
420,19,19
420,18,19
420,18,19
420,21,19
420,20,19
420,23,19
420,22,19
420,23,19
420,22,19
420,22,19
420,6,115
420,7,141
420,15,141
420,21,46
420,14,107
420,11,65
420,5,58
420,7,58
420,17,58
420,20,58
420,23,58
420,1,22
420,7,22
420,9,22
420,11,22
420,18,22
420,18,22
420,23,22
420,20,53
420,13,7
420,13,7
420,13,7
420,20,7
420,2,19
420,10,19
420,16,19
420,17,19
420,18,19
420,19,19
420,21,19
420,21,19
420,21,19
420,6,31
420,9,25
420,9,25
420,10,25
420,13,25
420,17,25
420,19,25
420,19,25
420,19,25
420,19,25
420,18,6
420,1,19
420,0,19
420,0,19
420,2,19
420,3,19
420,2,19
420,2,19
420,4,19
420,6,19
420,6,19
420,9,19
420,10,19
420,11,19
420,10,19
420,11,19
420,11,19
420,13,19
420,13,19
420,12,19
420,12,19
420,14,19
420,14,19
420,15,19
420,14,19
420,14,19
420,17,19
420,16,19
420,17,19
420,18,19
420,19,19
420,19,19
420,19,19
420,18,19
420,20,19
420,20,19
420,21,19
420,21,19
420,21,19
420,21,19
420,23,19
420,23,19
420,22,19
420,23,19
420,23,19
420,23,19
420,22,19
420,23,19
420,22,19
420,22,19
420,22,19
420,23,19
420,15,23
420,17,23
420,3,3
420,19,3
420,22,3
420,17,35
420,0,33
420,10,89
420,22,89
420,2,116
420,21,116
420,1,19
420,3,19
420,3,19
420,4,19
420,7,19
420,8,19
420,13,19
420,12,19
420,21,19
420,22,19
420,0,19
420,2,19
420,5,19
420,5,19
420,5,19
420,14,19
420,16,19
420,19,19
420,21,19
420,20,19
420,20,19
420,20,19
420,21,19
420,3,33
420,16,33
420,20,33
420,3,102
420,2,19
420,7,19
420,6,19
420,18,19
420,21,19
420,15,39
420,3,102
420,17,102
420,10,19
420,13,19
420,4,116
420,20,116
420,19,111
420,0,19
420,3,19
420,2,19
420,11,19
420,10,19
420,13,19
420,13,19
420,23,19
420,22,19
420,22,19
420,22,19
420,13,84
420,1,102
420,1,102
420,3,102
420,4,102
420,4,102
420,16,102
420,17,102
420,18,102
420,19,102
420,20,102
420,23,102
420,23,102
420,3,3
420,4,3
420,19,3
420,19,3
420,23,3
420,5,4
420,3,147
420,6,147
420,17,147
420,1,7
420,3,7
420,3,7
420,11,7
420,12,7
420,18,7
420,18,7
420,20,7
420,21,7
420,21,7
420,21,7
420,20,7
420,22,7
420,22,7
420,22,7
420,1,8
420,6,8
420,21,8
420,22,8
420,23,8
420,1,10
420,5,10
420,4,10
420,11,10
420,11,10
420,11,10
420,16,10
420,19,10
420,19,10
420,23,10
420,3,11
420,4,11
420,4,11
420,9,12
420,10,12
420,16,12
420,19,12
420,20,14
420,23,14
420,10,15
420,13,15
420,1,17
420,3,17
420,5,17
420,15,17
420,15,17
420,16,17
420,16,17
420,17,17
420,17,17
420,19,17
420,19,17
420,18,17
420,21,17
420,20,17
420,20,17
420,20,17
420,20,17
420,19,21
420,18,21
420,2,23
420,23,23
420,1,24
420,2,24
420,5,24
420,13,24
420,19,24
420,20,24
420,23,24
420,22,24
420,22,24
420,23,24
420,9,26
420,17,26
420,22,26
420,1,27
420,1,27
420,2,27
420,5,27
420,4,27
420,4,27
420,7,27
420,9,27
420,13,27
420,21,27
420,21,27
420,20,27
420,20,27
420,23,27
420,23,27
420,11,28
420,14,28
420,14,28
420,22,28
420,22,28
420,3,30
420,4,30
420,11,30
420,11,30
420,13,30
420,14,30
420,14,30
420,21,30
420,22,30
420,22,30
420,22,30
420,23,30
420,3,31
420,5,31
420,5,31
420,0,32
420,0,32
420,3,32
420,2,32
420,5,32
420,4,32
420,9,32
420,11,32
420,12,32
420,15,32
420,14,32
420,17,32
420,17,32
420,19,32
420,18,32
420,20,32
420,20,32
420,20,32
420,20,32
420,20,32
420,20,32
420,20,32
420,23,32
420,23,32
420,23,32
420,22,32
420,22,32
420,22,32
420,23,32
420,21,33
420,3,34
420,1,35
420,2,35
420,2,35
420,4,35
420,14,35
420,16,35
420,16,35
420,17,35
420,18,35
420,20,35
420,21,35
420,23,35
420,23,35
420,23,35
420,4,36
420,11,36
420,11,36
420,10,36
420,11,36
420,13,36
420,14,36
420,14,36
420,19,36
420,20,36
420,3,38
420,14,38
420,3,39
420,3,39
420,9,39
420,9,39
420,16,39
420,2,40
420,1,42
420,2,42
420,2,42
420,14,42
420,14,42
420,21,42
420,11,44
420,2,45
420,18,45
420,1,46
420,2,46
420,3,46
420,5,46
420,8,46
420,14,46
420,17,46
420,23,46
420,18,49
420,19,49
420,1,50
420,7,50
420,15,50
420,20,50
420,21,50
420,23,50
420,19,51
420,1,52
420,3,52
420,11,52
420,16,52
420,7,53
420,18,53
420,1,54
420,20,54
420,15,56
420,21,56
420,20,56
420,1,58
420,2,58
420,2,58
420,5,58
420,8,58
420,11,58
420,19,58
420,5,60
420,11,60
420,15,61
420,17,61
420,3,62
420,11,62
420,17,62
420,19,62
420,20,62
420,22,62
420,14,63
420,8,77
420,14,77
420,14,77
420,17,77
420,19,77
420,22,77
420,2,65
420,5,66
420,0,70
420,1,70
420,0,70
420,2,70
420,3,70
420,6,70
420,9,70
420,8,70
420,16,70
420,16,70
420,16,70
420,16,70
420,23,70
420,23,70
420,1,71
420,11,71
420,13,71
420,18,71
420,22,71
420,3,72
420,2,72
420,2,72
420,4,72
420,7,72
420,8,72
420,11,72
420,16,72
420,19,72
420,21,72
420,21,72
420,20,72
420,21,72
420,23,72
420,3,73
420,4,73
420,0,75
420,12,75
420,16,75
420,19,75
420,23,76
420,0,78
420,3,78
420,3,78
420,3,78
420,7,78
420,9,78
420,11,78
420,14,78
420,14,78
420,21,78
420,21,78
420,21,78
420,21,78
420,23,78
420,23,78
420,0,79
420,1,79
420,5,79
420,8,79
420,8,79
420,10,79
420,12,79
420,14,79
420,14,79
420,14,79
420,16,79
420,18,79
420,18,79
420,22,79
420,23,79
420,23,79
420,9,80
420,1,82
420,7,82
420,8,82
420,9,82
420,8,82
420,8,82
420,8,82
420,9,82
420,8,82
420,8,82
420,8,82
420,10,82
420,11,82
420,13,82
420,21,82
420,1,83
420,14,83
420,16,83
420,4,87
420,10,87
420,21,87
420,12,88
420,18,88
420,18,88
420,18,88
420,4,89
420,4,89
420,9,89
420,22,89
420,1,90
420,0,90
420,0,90
420,1,90
420,1,90
420,1,90
420,1,90
420,3,90
420,2,90
420,3,90
420,2,90
420,3,90
420,3,90
420,5,90
420,4,90
420,5,90
420,4,90
420,5,90
420,5,90
420,4,90
420,6,90
420,6,90
420,7,90
420,7,90
420,6,90
420,6,90
420,9,90
420,8,90
420,9,90
420,8,90
420,8,90
420,8,90
420,9,90
420,9,90
420,8,90
420,8,90
420,8,90
420,8,90
420,11,90
420,11,90
420,11,90
420,11,90
420,11,90
420,10,90
420,10,90
420,13,90
420,14,90
420,14,90
420,15,90
420,16,90
420,17,90
420,17,90
420,16,90
420,17,90
420,17,90
420,16,90
420,16,90
420,16,90
420,16,90
420,16,90
420,17,90
420,17,90
420,19,90
420,19,90
420,18,90
420,19,90
420,19,90
420,21,90
420,20,90
420,21,90
420,20,90
420,20,90
420,21,90
420,21,90
420,21,90
420,21,90
420,20,90
420,20,90
420,20,90
420,21,90
420,22,90
420,22,90
420,22,90
420,22,90
420,23,90
420,22,90
420,23,90
420,23,90
420,22,90
420,23,90
420,23,90
420,22,90
420,23,90
420,22,90
420,22,90
420,22,90
420,23,90
420,23,90
420,13,91
420,15,91
420,15,91
420,7,92
420,0,93
420,3,93
420,6,93
420,10,93
420,10,93
420,10,93
420,10,93
420,18,93
420,22,93
420,1,94
420,1,94
420,1,94
420,1,94
420,2,94
420,8,94
420,9,94
420,11,94
420,11,94
420,17,94
420,19,94
420,0,95
420,3,95
420,6,95
420,0,96
420,0,96
420,0,96
420,0,96
420,3,96
420,12,96
420,15,96
420,17,96
420,17,96
420,19,96
420,21,96
420,20,96
420,20,96
420,1,97
420,4,97
420,6,97
420,8,97
420,17,97
420,19,97
420,18,97
420,18,97
420,20,97
420,22,97
420,1,98
420,13,98
420,12,98
420,20,99
420,6,100
420,21,100
420,0,105
420,2,105
420,4,105
420,4,105
420,8,105
420,13,105
420,13,105
420,15,105
420,15,105
420,17,105
420,19,105
420,19,105
420,20,105
420,22,105
420,22,105
420,23,105
420,22,105
420,20,106
420,23,106
420,18,107
420,18,107
420,20,108
420,22,108
420,4,111
420,4,111
420,8,112
420,18,112
420,22,112
420,23,112
420,23,112
420,18,114
420,0,115
420,2,115
420,2,115
420,7,115
420,7,115
420,10,115
420,18,115
420,23,115
420,20,116
420,20,116
420,23,116
420,23,116
420,1,117
420,1,117
420,2,118
420,2,118
420,2,118
420,2,118
420,5,118
420,8,118
420,10,118
420,20,118
420,3,122
420,6,122
420,7,122
420,8,122
420,19,122
420,23,122
420,1,123
420,5,123
420,7,123
420,7,123
420,6,123
420,10,123
420,10,123
420,14,123
420,14,123
420,18,123
420,18,123
420,19,123
420,23,123
420,20,124
420,21,124
420,0,126
420,1,126
420,0,126
420,2,126
420,4,126
420,8,126
420,13,126
420,14,126
420,16,126
420,17,126
420,17,126
420,19,126
420,21,126
420,21,126
420,22,126
420,4,127
420,6,128
420,8,128
420,20,128
420,20,128
420,7,129
420,10,129
420,4,130
420,18,130
420,23,130
420,0,131
420,3,131
420,5,131
420,11,131
420,13,131
420,12,131
420,19,131
420,19,131
420,20,131
420,20,131
420,21,131
420,20,131
420,23,131
420,23,131
420,3,119
420,12,119
420,12,119
420,16,119
420,1,120
420,1,120
420,17,120
420,23,120
420,23,120
420,23,121
420,7,133
420,4,134
420,1,136
420,3,136
420,3,136
420,2,136
420,6,136
420,6,136
420,9,136
420,9,136
420,8,136
420,10,136
420,10,136
420,10,136
420,15,136
420,14,136
420,15,136
420,16,136
420,17,136
420,19,136
420,18,136
420,22,136
420,23,136
420,23,136
420,0,137
420,1,137
420,4,137
420,10,137
420,18,137
420,21,137
420,20,137
420,3,138
420,3,138
420,4,138
420,19,138
420,22,138
420,2,139
420,15,139
420,17,139
420,17,139
420,18,139
420,19,139
420,19,139
420,21,139
420,20,139
420,23,139
420,4,140
420,8,140
420,10,140
420,15,140
420,15,140
420,19,140
420,19,140
420,21,140
420,21,140
420,23,140
420,22,140
420,22,140
420,4,141
420,6,141
420,6,141
420,13,141
420,13,141
420,13,141
420,19,141
420,22,141
420,5,142
420,4,142
420,7,142
420,7,142
420,8,142
420,11,142
420,11,142
420,13,142
420,14,142
420,15,142
420,15,142
420,14,142
420,18,142
420,19,142
420,18,142
420,19,142
420,21,142
420,20,142
420,20,142
420,22,142
420,23,142
420,22,142
420,0,143
420,2,143
420,21,143
420,21,143
420,20,143
420,23,143
420,23,143
420,1,144
420,22,144
420,1,145
420,1,145
420,1,145
420,2,145
420,2,145
420,2,145
420,4,145
420,4,145
420,4,145
420,9,145
420,17,145
420,16,145
420,2,146
420,6,146
420,8,146
420,9,146
420,9,146
420,13,146
420,12,146
420,12,146
420,15,146
420,14,146
420,19,146
420,19,146
420,19,146
420,20,146
420,23,146
420,22,146
420,1,1
420,5,1
420,12,1
420,20,2
420,0,3
420,0,3
420,9,3
420,1,4
420,7,4
420,1,6
420,22,6
420,0,7
420,3,7
420,3,7
420,7,7
420,11,7
420,10,7
420,12,7
420,12,7
420,14,7
420,14,7
420,14,7
420,16,7
420,19,7
420,19,7
420,19,7
420,21,7
420,20,7
420,20,7
420,22,44
420,22,49
420,14,50
420,17,50
420,20,50
420,23,50
420,2,51
420,6,51
420,17,51
420,17,58
420,17,58
420,16,58
420,17,58
420,20,58
420,22,58
420,19,116
420,1,1
420,2,1
420,3,1
420,2,1
420,9,1
420,10,1
420,15,1
420,15,1
420,20,1
420,23,1
420,23,1
420,22,1
420,0,9
420,1,9
420,0,9
420,3,9
420,3,9
420,4,9
420,4,9
420,6,9
420,6,9
420,9,9
420,13,9
420,17,9
420,17,9
420,18,9
420,18,9
420,19,9
420,21,9
420,21,9
420,21,9
420,21,9
420,22,9
420,22,9
420,22,9
420,0,10
420,4,10
420,9,10
420,10,10
420,10,10
420,14,10
420,19,10
420,19,10
420,10,14
420,23,14
420,0,20
420,0,20
420,1,20
420,2,20
420,5,20
420,6,20
420,9,20
420,11,20
420,12,20
420,12,20
420,12,20
420,15,20
420,15,20
420,14,20
420,14,20
420,14,20
420,15,20
420,15,20
420,15,20
420,16,20
420,16,20
420,17,20
420,19,20
420,18,20
420,19,20
420,19,20
420,19,20
420,20,20
420,21,20
420,21,20
420,21,20
420,20,20
420,20,20
420,21,20
420,20,20
420,23,20
420,22,20
420,22,20
420,23,20
420,23,20
420,23,20
420,22,20
420,23,20
420,22,20
420,22,20
420,22,20
420,22,20
420,16,34
420,4,20
420,4,20
420,9,20
420,19,20
420,20,20
420,22,20
420,23,20
420,10,33
420,10,33
420,13,33
420,2,42
420,2,42
420,4,42
420,4,42
420,7,42
420,11,42
420,11,42
420,10,42
420,18,42
420,23,42
420,23,42
420,18,116
420,10,53
420,14,53
420,16,116
420,22,60
420,22,60
420,0,68
420,0,68
420,0,68
420,2,68
420,2,68
420,3,68
420,2,68
420,3,68
420,6,68
420,7,68
420,7,68
420,9,68
420,11,68
420,13,68
420,12,68
420,12,68
420,17,68
420,19,68
420,20,68
420,20,68
420,22,68
420,23,68
420,22,68
420,3,109
420,5,109
420,6,109
420,10,109
420,15,109
420,17,109
420,17,109
420,19,109
420,18,109
420,18,109
420,18,109
420,20,109
420,21,109
420,20,109
420,21,109
420,23,109
420,22,109
420,2,23
420,0,9
420,3,9
420,4,9
420,5,9
420,9,9
420,15,9
420,16,9
420,17,9
420,19,9
420,19,9
420,18,9
420,19,9
420,20,9
420,21,9
420,21,9
420,21,9
420,23,9
420,22,9
420,3,31
420,3,31
420,18,31
420,1,54
420,0,54
420,0,54
420,1,54
420,3,54
420,3,54
420,7,54
420,10,54
420,12,54
420,13,54
420,14,54
420,17,54
420,17,54
420,16,54
420,17,54
420,18,54
420,18,54
420,19,54
420,19,54
420,18,54
420,19,54
420,19,54
420,21,54
420,21,54
420,20,54
420,20,54
420,20,54
420,20,54
420,22,54
420,0,65
420,5,65
420,8,65
420,8,65
420,11,65
420,12,65
420,12,65
420,14,65
420,19,65
420,19,65
420,20,65
420,23,65
420,22,65
420,6,89
420,7,89
420,8,89
420,14,89
420,21,89
420,1,19
420,0,19
420,1,19
420,4,19
420,12,19
420,14,19
420,14,19
420,22,19
420,5,140
420,21,113
420,11,58
420,14,106
420,19,106
420,6,38
420,8,89
420,8,89
420,0,19
420,2,19
420,3,19
420,5,19
420,6,19
420,7,19
420,11,19
420,13,19
420,13,19
420,14,19
420,14,19
420,16,19
420,17,19
420,16,19
420,19,19
420,18,19
420,20,19
420,20,19
420,21,19
420,22,19
420,23,19
420,23,19
420,22,19
420,22,19
420,23,19
420,17,116
420,1,9
420,1,9
420,1,9
420,0,9
420,3,9
420,3,9
420,5,9
420,7,9
420,11,9
420,11,9
420,14,9
420,16,9
420,17,9
420,16,9
420,19,9
420,18,9
420,20,9
420,21,9
420,21,9
420,21,9
420,20,9
420,20,9
420,20,9
420,21,9
420,23,9
420,23,9
420,1,19
420,6,19
420,11,19
420,14,19
420,15,19
420,19,19
420,20,19
420,21,19
420,21,19
420,20,19
420,22,19
420,3,34
420,2,34
420,10,34
420,19,34
420,0,19
420,13,19
420,17,19
420,19,19
420,21,19
420,20,19
420,22,19
420,22,19
420,8,1
420,18,1
420,0,35
420,4,35
420,7,35
420,8,35
420,21,35
420,6,81
420,0,19
420,3,19
420,15,19
420,21,19
420,20,19
420,22,19
420,1,41
420,0,41
420,2,41
420,5,41
420,4,41
420,4,41
420,15,41
420,21,41
420,1,19
420,6,19
420,12,19
420,14,19
420,14,19
420,17,19
420,18,19
420,20,19
420,23,19
420,23,19
420,3,9
420,3,9
420,3,9
420,4,9
420,7,9
420,11,9
420,12,9
420,15,9
420,17,9
420,17,9
420,18,9
420,18,9
420,19,9
420,18,9
420,19,9
420,20,9
420,21,9
420,20,9
420,22,9
420,23,9
420,23,9
420,23,28
420,0,58
420,3,68
420,5,68
420,9,68
420,12,68
420,23,68
420,2,116
420,13,116
420,23,116
420,23,116
420,21,113
420,1,9
420,0,9
420,0,9
420,1,9
420,2,9
420,3,9
420,4,9
420,5,9
420,5,9
420,6,9
420,7,9
420,7,9
420,9,9
420,9,9
420,11,9
420,12,9
420,12,9
420,17,9
420,18,9
420,20,9
420,21,9
420,20,9
420,21,9
420,20,9
420,23,9
420,19,68
420,18,33
420,6,116
420,17,116
420,21,116
420,0,47
420,2,47
420,8,47
420,10,47
420,17,47
420,17,47
420,18,47
420,19,47
420,19,47
420,18,47
420,18,47
420,21,47
420,22,47
420,22,47
420,22,47
420,20,61
420,1,116
420,2,116
420,21,116
420,2,46
420,5,46
420,9,124
420,18,124
420,22,35
420,20,34
420,21,34
420,22,34
420,20,115
420,3,19
420,15,19
420,23,19
420,23,19
420,19,33
420,9,133
420,10,133
420,16,133
420,23,133
420,23,133
420,13,133
420,17,26
420,9,51
420,21,51
420,17,58
420,11,116
420,3,49
420,1,35
420,1,35
420,0,35
420,6,35
420,18,35
420,21,35
420,23,35
420,8,1
420,0,140
420,20,140
420,6,34
420,19,34
420,19,34
420,21,34
420,22,34
420,3,133
420,5,40
420,1,19
420,0,19
420,0,19
420,1,19
420,0,19
420,1,19
420,1,19
420,0,19
420,2,19
420,2,19
420,2,19
420,2,19
420,3,19
420,4,19
420,4,19
420,5,19
420,11,19
420,11,19
420,13,19
420,13,19
420,13,19
420,12,19
420,12,19
420,12,19
420,14,19
420,14,19
420,17,19
420,17,19
420,16,19
420,16,19
420,16,19
420,17,19
420,16,19
420,16,19
420,17,19
420,17,19
420,17,19
420,16,19
420,16,19
420,16,19
420,17,19
420,17,19
420,17,19
420,19,19
420,19,19
420,18,19
420,18,19
420,18,19
420,18,19
420,19,19
420,18,19
420,18,19
420,18,19
420,19,19
420,19,19
420,18,19
420,18,19
420,20,19
420,21,19
420,21,19
420,20,19
420,21,19
420,21,19
420,20,19
420,21,19
420,21,19
420,20,19
420,20,19
420,20,19
420,21,19
420,20,19
420,20,19
420,20,19
420,20,19
420,20,19
420,22,19
420,22,19
420,22,19
420,23,19
420,23,19
420,0,9
420,0,9
420,2,9
420,4,9
420,4,9
420,4,9
420,5,9
420,8,9
420,11,9
420,12,9
420,17,9
420,19,9
420,20,9
420,20,9
420,21,9
420,21,9
420,20,9
420,22,9
420,23,9
420,3,35
420,3,35
420,6,35
420,12,35
420,18,35
420,22,35
420,23,35
420,22,35
420,1,9
420,0,9
420,0,9
420,0,9
420,1,9
420,0,9
420,1,9
420,2,9
420,3,9
420,4,9
420,6,9
420,6,9
420,7,9
420,8,9
420,10,9
420,11,9
420,10,9
420,10,9
420,11,9
420,12,9
420,12,9
420,12,9
420,13,9
420,12,9
420,12,9
420,12,9
420,12,9
420,12,9
420,15,9
420,14,9
420,15,9
420,15,9
420,16,9
420,16,9
420,17,9
420,17,9
420,16,9
420,17,9
420,18,9
420,18,9
420,19,9
420,19,9
420,19,9
420,19,9
420,18,9
420,18,9
420,21,9
420,20,9
420,20,9
420,20,9
420,21,9
420,20,9
420,21,9
420,20,9
420,21,9
420,20,9
420,23,9
420,22,9
420,22,9
420,22,9
420,22,9
420,23,9
420,22,9
420,22,9
420,21,9
420,0,35
420,2,35
420,11,35
420,10,35
420,17,35
420,19,35
420,23,35
420,7,65
420,7,65
420,9,65
420,11,65
420,12,65
420,18,65
420,19,65
420,21,65
420,9,31
420,12,31
420,14,31
420,14,31
420,16,31
420,23,31
420,4,56
420,5,56
420,8,56
420,8,56
420,10,56
420,14,56
420,16,56
420,18,56
420,18,56
420,19,56
420,18,84
420,0,57
420,3,57
420,2,57
420,6,57
420,10,57
420,15,57
420,18,57
420,15,19
420,19,19
420,3,146
420,12,146
420,0,46
420,1,59
420,4,59
420,4,59
420,6,59
420,6,59
420,11,59
420,10,59
420,12,59
420,13,59
420,12,59
420,15,59
420,15,59
420,15,59
420,16,59
420,16,59
420,16,59
420,18,59
420,21,59
420,21,59
420,20,59
420,20,59
420,20,59
420,22,59
420,22,59
420,23,59
420,18,105
420,0,35
420,4,35
420,6,35
420,6,35
420,10,35
420,10,35
420,12,35
420,15,35
420,14,35
420,14,35
420,14,35
420,16,35
420,16,35
420,19,35
420,19,35
420,19,35
420,19,35
420,19,35
420,19,35
420,21,35
420,20,35
420,20,35
420,23,35
420,22,35
420,4,89
420,8,89
420,9,89
420,11,89
420,22,89
420,22,89
420,22,140
420,3,58
420,9,81
420,19,81
420,3,89
420,2,89
420,8,89
420,15,89
420,23,89
420,23,89
420,0,140
420,11,58
420,17,58
420,21,58
420,20,58
420,4,111
420,4,111
420,6,7
420,8,140
420,2,111
420,22,111
420,22,111
420,22,111
420,16,111
420,19,111
420,22,140
420,19,46
420,21,81
420,23,65
420,2,9
420,5,9
420,19,9
420,1,61
420,4,111
420,7,111
420,6,111
420,9,67
420,1,19
420,1,19
420,0,19
420,0,19
420,1,19
420,0,19
420,2,19
420,5,19
420,4,19
420,6,19
420,6,19
420,9,19
420,11,19
420,10,19
420,10,19
420,11,19
420,11,19
420,13,19
420,12,19
420,13,19
420,15,19
420,14,19
420,14,19
420,17,19
420,16,19
420,17,19
420,16,19
420,18,19
420,19,19
420,19,19
420,19,19
420,19,19
420,19,19
420,19,19
420,21,19
420,21,19
420,21,19
420,20,19
420,21,19
420,21,19
420,20,19
420,20,19
420,21,19
420,20,19
420,21,19
420,21,19
420,22,19
420,23,19
420,22,19
420,23,19
420,22,19
420,22,19
420,22,19
420,22,19
420,4,111
420,4,116
420,0,135
420,1,45
420,20,89
420,23,89
420,0,65
420,1,65
420,5,65
420,5,65
420,11,65
420,19,65
420,23,65
420,23,65
420,23,65
420,0,106
420,16,7
420,11,58
420,16,58
420,1,65
420,0,65
420,2,65
420,5,65
420,4,65
420,4,65
420,4,65
420,4,65
420,6,65
420,13,65
420,19,65
420,21,65
420,21,65
420,23,65
420,23,65
420,23,140
420,22,140
420,21,37
420,0,116
420,4,116
420,21,116
420,19,107
420,1,9
420,3,9
420,2,9
420,6,9
420,13,9
420,15,9
420,17,9
420,17,9
420,16,9
420,19,9
420,19,9
420,18,9
420,19,9
420,21,9
420,20,9
420,22,9
420,22,9
420,23,9
420,22,9
420,22,9
420,23,9
420,19,116
420,10,19
420,10,19
420,12,19
420,15,19
420,17,19
420,17,19
420,19,19
420,19,19
420,19,19
420,19,19
420,19,19
420,21,19
420,21,19
420,21,19
420,20,19
420,21,19
420,23,19
420,22,19
420,22,19
420,23,19
420,15,19
420,22,19
420,8,19
420,13,19
420,13,19
420,14,19
420,19,19
420,22,19
420,22,19
420,0,66
420,2,66
420,4,66
420,9,66
420,8,66
420,13,66
420,13,66
420,18,66
420,0,19
420,0,19
420,2,19
420,5,19
420,13,19
420,14,19
420,14,19
420,15,19
420,16,19
420,18,19
420,20,19
420,21,19
420,21,19
420,21,19
420,22,19
420,22,19
420,22,19
420,22,19
420,3,146
420,1,19
420,0,19
420,0,19
420,0,19
420,1,19
420,0,19
420,1,19
420,1,19
420,2,19
420,2,19
420,2,19
420,5,19
420,11,19
420,11,19
420,11,19
420,11,19
420,15,19
420,15,19
420,14,19
420,17,19
420,17,19
420,17,19
420,17,19
420,19,19
420,19,19
420,19,19
420,19,19
420,19,19
420,18,19
420,18,19
420,19,19
420,19,19
420,18,19
420,20,19
420,21,19
420,20,19
420,21,19
420,20,19
420,22,19
420,22,19
420,22,19
420,23,19
420,23,19
420,23,114
420,12,120
420,19,116
420,21,116
420,22,116
420,22,116
420,1,19
420,1,19
420,2,19
420,7,19
420,7,19
420,10,19
420,11,19
420,12,19
420,12,19
420,15,19
420,15,19
420,19,19
420,18,19
420,19,19
420,19,19
420,21,19
420,21,19
420,21,19
420,21,19
420,21,19
420,23,19
420,23,19
420,0,68
420,1,68
420,1,68
420,1,68
420,0,68
420,0,68
420,2,68
420,2,68
420,2,68
420,5,68
420,4,68
420,7,68
420,7,68
420,6,68
420,6,68
420,9,68
420,8,68
420,10,68
420,10,68
420,11,68
420,12,68
420,13,68
420,15,68
420,14,68
420,15,68
420,14,68
420,15,68
420,16,68
420,17,68
420,17,68
420,17,68
420,17,68
420,16,68
420,17,68
420,19,68
420,18,68
420,18,68
420,18,68
420,19,68
420,19,68
420,19,68
420,19,68
420,19,68
420,21,68
420,21,68
420,21,68
420,21,68
420,21,68
420,20,68
420,21,68
420,20,68
420,21,68
420,21,68
420,20,68
420,20,68
420,21,68
420,21,68
420,20,68
420,21,68
420,21,68
420,20,68
420,21,68
420,22,68
420,22,68
420,23,68
420,22,68
420,22,68
420,22,68
420,7,31
420,7,116
420,20,116
420,2,140
420,4,140
420,14,140
420,21,140
420,21,140
420,23,140
420,22,28
420,10,19
420,0,73
420,0,73
420,3,73
420,7,73
420,7,73
420,7,73
420,7,73
420,9,73
420,9,73
420,8,73
420,12,73
420,12,73
420,12,73
420,15,73
420,15,73
420,16,73
420,17,73
420,18,73
420,19,73
420,18,73
420,19,73
420,18,73
420,18,73
420,20,73
420,21,73
420,20,73
420,21,73
420,20,73
420,22,73
420,22,73
420,22,73
420,23,73
420,5,65
420,21,65
420,22,65
420,5,23
420,11,33
420,10,20
420,14,20
420,14,20
420,18,20
420,23,20
420,2,19
420,23,1
420,23,1
420,17,7
420,21,7
420,22,84
420,2,89
420,2,89
420,3,89
420,9,89
420,22,89
420,7,19
420,23,19
420,23,33
420,11,51
420,11,82
420,17,120
420,11,40
420,21,107
420,5,111
420,6,111
420,1,31
420,2,31
420,16,31
420,21,89
420,18,140
420,1,65
420,1,65
420,1,65
420,0,65
420,1,65
420,1,65
420,1,65
420,1,65
420,2,65
420,3,65
420,2,65
420,2,65
420,3,65
420,3,65
420,3,65
420,3,65
420,3,65
420,3,65
420,5,65
420,5,65
420,5,65
420,5,65
420,7,65
420,6,65
420,7,65
420,7,65
420,7,65
420,8,65
420,8,65
420,8,65
420,8,65
420,8,65
420,8,65
420,10,65
420,11,65
420,11,65
420,11,65
420,10,65
420,10,65
420,12,65
420,13,65
420,13,65
420,16,65
420,17,65
420,16,65
420,16,65
420,16,65
420,19,65
420,18,65
420,18,65
420,19,65
420,19,65
420,20,65
420,21,65
420,20,65
420,20,65
420,20,65
420,20,65
420,21,65
420,20,65
420,23,65
420,22,65
420,22,65
420,22,65
420,22,65
420,22,65
420,23,65
420,22,65
420,23,65
420,23,65
420,1,35
420,5,35
420,12,35
420,17,35
420,22,35
420,23,35
420,1,116
420,4,116
420,10,116
420,10,116
420,21,116
420,22,116
420,15,68
420,0,15
420,13,15
420,14,15
420,3,28
420,7,28
420,9,28
420,4,31
420,4,31
420,14,31
420,20,31
420,5,122
420,13,122
420,15,122
420,0,124
420,17,124
420,7,133
420,19,133
420,5,134
420,9,137
420,22,39
420,4,35
420,7,35
420,8,35
420,11,35
420,12,35
420,21,35
420,20,35
420,22,35
420,3,26
420,3,26
420,7,26
420,21,65
420,18,87
420,3,102
420,3,102
420,4,102
420,17,111
420,11,148
420,13,148
420,15,148
420,18,148
420,19,33
420,16,81
420,1,85
420,3,85
420,4,85
420,15,85
420,18,85
420,18,85
420,21,85
420,22,85
420,22,85
420,2,17
420,2,17
420,2,17
420,11,17
420,13,17
420,19,17
420,21,17
420,21,17
420,20,17
420,20,17
420,4,23
420,9,23
420,10,23
420,12,23
420,20,23
420,23,23
420,23,23
420,0,61
420,4,61
420,5,61
420,11,61
420,11,61
420,10,61
420,12,61
420,18,61
420,22,61
420,22,61
420,23,61
420,10,45
420,8,87
420,1,121
420,20,121
420,0,131
420,19,131
420,10,108
420,6,6
420,13,140
420,20,141
420,4,35
420,10,35
420,8,19
420,19,19
420,19,19
420,19,19
420,19,19
420,20,19
420,22,19
420,22,19
420,0,19
420,7,19
420,9,19
420,9,19
420,10,19
420,12,19
420,14,19
420,14,19
420,15,19
420,14,19
420,17,19
420,17,19
420,19,19
420,19,19
420,19,19
420,19,19
420,19,19
420,19,19
420,20,19
420,23,19
420,4,89
420,4,89
420,1,19
420,2,19
420,2,19
420,5,19
420,9,19
420,11,19
420,13,19
420,12,19
420,15,19
420,17,19
420,16,19
420,17,19
420,17,19
420,19,19
420,19,19
420,20,19
420,20,19
420,21,19
420,20,19
420,22,19
420,23,19
420,23,19
420,20,68
420,20,46
420,1,19
420,0,19
420,0,19
420,1,19
420,1,19
420,0,19
420,3,19
420,3,19
420,2,19
420,11,19
420,11,19
420,11,19
420,13,19
420,15,19
420,15,19
420,17,19
420,17,19
420,19,19
420,18,19
420,18,19
420,21,19
420,21,19
420,21,19
420,21,19
420,21,19
420,21,19
420,23,19
420,23,19
420,22,19
420,22,19
420,22,19
420,23,19
420,22,19
420,22,19
420,22,19
420,22,19
420,23,19
420,4,33
420,16,33
420,21,33
420,12,92
420,18,92
420,15,40
420,2,84
420,16,23
420,9,17
420,15,17
420,0,58
420,7,58
420,12,58
420,20,58
420,3,35
420,13,35
420,19,35
420,21,35
420,3,19
420,3,19
420,3,19
420,17,19
420,18,19
420,23,19
420,19,136
420,3,19
420,16,19
420,20,84
420,14,45
420,2,107
420,0,19
420,2,19
420,7,19
420,8,19
420,10,19
420,12,19
420,13,19
420,15,19
420,15,19
420,17,19
420,16,19
420,17,19
420,19,19
420,19,19
420,19,19
420,19,19
420,19,19
420,19,19
420,20,19
420,20,19
420,20,19
420,20,19
420,21,19
420,21,19
420,21,19
420,21,19
420,23,19
420,23,19
420,23,19
420,23,19
420,22,19
420,22,19
420,22,19
420,13,87
420,1,7
420,2,31
420,20,31
420,9,33
420,18,33
420,20,89
420,11,89
420,7,89
420,19,89
420,0,9
420,2,9
420,3,9
420,5,9
420,5,9
420,5,9
420,5,9
420,7,9
420,9,9
420,10,9
420,14,9
420,15,9
420,16,9
420,17,9
420,17,9
420,18,9
420,19,9
420,19,9
420,20,9
420,20,9
420,20,9
420,23,9
420,22,9
420,3,67
420,20,40
420,19,7
420,4,19
420,2,141
420,5,141
420,20,141
420,0,141
420,0,141
420,2,141
420,16,141
420,18,141
420,21,141
420,22,141
420,15,43
420,18,43
420,3,104
420,9,104
420,8,104
420,15,104
420,14,104
420,17,104
420,19,104
420,20,104
420,20,104
420,23,104
420,11,43
420,0,23
420,13,23
420,15,23
420,19,23
420,1,81
420,0,81
420,1,81
420,1,81
420,10,81
420,10,81
420,12,81
420,16,81
420,16,81
420,19,81
420,18,81
420,23,81
420,11,1
420,12,1
420,23,1
420,5,19
420,11,19
420,12,19
420,15,19
420,16,19
420,17,19
420,16,19
420,16,19
420,17,19
420,17,19
420,18,19
420,19,19
420,19,19
420,18,19
420,21,19
420,20,19
420,20,19
420,20,19
420,20,19
420,21,19
420,20,19
420,21,19
420,20,19
420,21,19
420,22,19
420,23,19
420,23,19
420,23,19
420,23,19
420,23,19
420,23,19
420,23,19
420,22,19
420,22,19
420,23,19
420,3,35
420,5,35
420,22,35
420,3,107
420,17,107
420,19,33
420,20,33
420,20,53
420,3,26
420,8,26
420,9,26
420,22,26
420,5,35
420,4,35
420,5,35
420,9,35
420,14,35
420,19,35
420,20,35
420,21,35
420,22,35
420,23,110
420,1,140
420,3,140
420,5,140
420,23,140
420,3,35
420,7,35
420,9,35
420,12,35
420,21,35
420,2,111
420,23,51
420,23,51
420,3,81
420,4,81
420,6,81
420,6,81
420,9,81
420,15,81
420,21,81
420,23,81
420,1,31
420,1,133
420,4,133
420,10,133
420,19,133
420,20,133
420,20,133
420,14,140
420,22,140
420,23,61
420,13,1
420,18,1
420,19,84
420,1,116
420,3,116
420,7,116
420,21,116
420,23,116
420,23,116
420,23,116
420,1,116
420,1,58
420,21,58
420,3,102
420,18,31
420,7,19
420,11,19
420,14,19
420,15,19
420,0,19
420,23,19
420,10,5
420,11,33
420,10,33
420,3,65
420,5,65
420,11,65
420,10,65
420,16,65
420,21,65
420,20,65
420,22,65
420,18,5
420,12,19
420,18,19
420,21,19
420,23,19
420,21,58
420,22,68
420,12,140
420,22,140
420,3,125
420,19,125
420,21,125
420,4,1
420,6,129
420,16,129
420,11,130
420,13,130
420,12,130
420,14,130
420,20,130
420,0,19
420,0,19
420,3,19
420,3,19
420,5,19
420,8,19
420,15,19
420,15,19
420,17,19
420,17,19
420,17,19
420,19,19
420,19,19
420,19,19
420,19,19
420,21,19
420,20,19
420,20,19
420,22,19
420,22,19
420,23,33
420,1,35
420,21,35
420,21,84
420,22,51
420,1,1
420,4,1
420,9,1
420,17,1
420,22,39
420,3,111
420,10,1
420,1,132
420,19,132
420,16,107
420,17,35
420,17,146
420,19,115
420,21,115
420,1,102
420,22,19
420,20,7
420,23,7
420,10,136
420,13,136
420,22,136
420,16,111
420,7,23
420,2,39
420,0,19
420,1,19
420,1,19
420,1,19
420,1,19
420,2,19
420,2,19
420,2,19
420,4,19
420,5,19
420,4,19
420,7,19
420,6,19
420,6,19
420,11,19
420,11,19
420,11,19
420,11,19
420,10,19
420,10,19
420,12,19
420,12,19
420,12,19
420,12,19
420,15,19
420,15,19
420,14,19
420,15,19
420,16,19
420,16,19
420,17,19
420,17,19
420,16,19
420,17,19
420,17,19
420,19,19
420,18,19
420,19,19
420,19,19
420,18,19
420,18,19
420,18,19
420,18,19
420,19,19
420,18,19
420,19,19
420,20,19
420,21,19
420,20,19
420,21,19
420,20,19
420,20,19
420,21,19
420,21,19
420,21,19
420,21,19
420,22,19
420,22,19
420,23,19
420,22,19
420,23,19
420,22,19
420,23,19
420,22,19
420,23,19
420,23,19
420,2,19
420,13,19
420,11,34
420,22,34
420,0,19
420,0,19
420,0,19
420,2,19
420,3,19
420,3,19
420,5,19
420,8,19
420,9,19
420,10,19
420,10,19
420,12,19
420,13,19
420,15,19
420,16,19
420,16,19
420,16,19
420,16,19
420,19,19
420,18,19
420,21,19
420,20,19
420,20,19
420,21,19
420,21,19
420,21,19
420,23,19
420,22,19
420,22,19
420,22,19
420,23,19
420,23,19
420,1,19
420,1,19
420,3,19
420,2,19
420,3,19
420,8,19
420,8,19
420,12,19
420,19,19
420,19,19
420,19,19
420,19,19
420,21,19
420,21,19
420,21,19
420,21,19
420,21,19
420,21,19
420,22,19
420,23,19
420,23,19
420,3,86
420,22,86
420,23,134
420,22,134
420,1,19
420,0,19
420,0,19
420,3,19
420,5,19
420,7,19
420,7,19
420,10,19
420,11,19
420,11,19
420,15,19
420,15,19
420,17,19
420,17,19
420,16,19
420,16,19
420,19,19
420,19,19
420,21,19
420,21,19
420,21,19
420,20,19
420,20,19
420,23,19
420,22,19
420,21,140
420,23,140
420,18,35
420,21,35
420,15,87
420,17,87
420,22,87
420,22,87
420,1,114
420,4,114
420,5,111
420,1,31
420,14,31
420,20,31
420,9,7
420,18,7
420,1,19
420,1,19
420,4,19
420,15,19
420,23,19
420,5,19
420,4,19
420,19,19
420,21,19
420,20,19
420,15,89
420,2,116
420,15,116
420,19,116
420,23,116
420,16,19
420,20,19
420,8,82
420,1,65
420,5,65
420,10,65
420,14,65
420,17,65
420,19,65
420,22,65
420,23,65
420,9,51
420,12,51
420,15,106
420,15,106
420,0,143
420,0,143
420,0,143
420,0,143
420,2,143
420,2,143
420,2,143
420,4,143
420,4,143
420,5,143
420,4,143
420,7,143
420,7,143
420,7,143
420,8,143
420,13,143
420,13,143
420,15,143
420,16,143
420,16,143
420,18,143
420,19,143
420,21,143
420,21,143
420,22,143
420,22,143
420,23,143
420,23,143
420,20,19
420,16,59
420,16,59
420,23,108
420,1,39
420,3,87
420,3,87
420,8,87
420,12,87
420,8,67
420,10,67
420,21,67
420,10,31
420,21,127
420,0,133
420,14,133
420,17,133
420,19,133
420,22,133
420,22,133
420,22,133
420,11,82
420,12,34
420,23,39
420,4,40
420,17,40
420,2,56
420,17,23
420,22,39
420,6,89
420,14,89
420,19,46
420,7,59
420,1,23
420,7,23
420,23,23
420,12,51
420,22,51
420,16,144
420,18,144
420,20,144
420,21,147
420,4,1
420,15,1
420,17,1
420,18,1
420,19,1
420,19,1
420,23,1
420,23,1
420,23,1
420,17,4
420,9,5
420,16,5
420,17,5
420,17,5
420,21,5
420,3,6
420,4,6
420,12,6
420,17,6
420,14,7
420,1,10
420,6,10
420,8,10
420,11,10
420,11,10
420,11,10
420,12,10
420,14,10
420,14,10
420,20,10
420,15,11
420,14,11
420,22,11
420,23,11
420,3,15
420,14,15
420,18,15
420,20,15
420,11,17
420,6,21
420,11,21
420,10,26
420,13,26
420,16,26
420,21,26
420,22,26
420,1,28
420,3,28
420,5,28
420,12,28
420,18,28
420,19,28
420,0,33
420,8,34
420,11,34
420,11,34
420,17,34
420,17,34
420,17,34
420,19,34
420,20,34
420,22,34
420,3,35
420,3,35
420,3,35
420,3,35
420,13,35
420,15,35
420,15,35
420,16,35
420,17,35
420,21,35
420,23,35
420,7,40
420,6,40
420,9,40
420,9,40
420,10,40
420,19,40
420,3,46
420,9,46
420,21,46
420,21,46
420,2,49
420,6,49
420,17,49
420,19,49
420,0,58
420,3,58
420,8,58
420,8,58
420,8,58
420,15,58
420,17,58
420,19,58
420,21,58
420,20,58
420,23,58
420,23,58
420,23,58
420,23,58
420,22,58
420,22,58
420,9,74
420,22,74
420,9,82
420,9,82
420,8,82
420,8,82
420,8,82
420,9,82
420,8,82
420,8,82
420,11,82
420,10,82
420,11,82
420,12,82
420,13,82
420,15,82
420,14,82
420,17,82
420,17,82
420,17,82
420,17,82
420,16,82
420,16,82
420,20,82
420,22,82
420,2,84
420,19,84
420,18,84
420,22,84
420,6,86
420,16,86
420,18,86
420,20,86
420,1,87
420,1,87
420,1,87
420,3,87
420,13,87
420,14,87
420,17,87
420,18,87
420,21,87
420,20,87
420,20,87
420,21,87
420,21,87
420,23,87
420,0,89
420,3,89
420,3,89
420,5,89
420,6,89
420,6,89
420,9,89
420,8,89
420,18,89
420,18,89
420,18,89
420,20,89
420,23,89
420,23,89
420,7,102
420,10,102
420,18,102
420,0,111
420,8,111
420,15,111
420,16,111
420,16,111
420,22,111
420,3,112
420,5,112
420,13,112
420,6,113
420,9,113
420,18,113
420,8,115
420,9,115
420,12,115
420,17,115
420,7,126
420,7,126
420,8,126
420,8,126
420,8,126
420,8,126
420,10,126
420,10,126
420,13,126
420,13,126
420,15,126
420,15,126
420,17,126
420,17,126
420,17,126
420,16,126
420,18,126
420,19,126
420,19,126
420,18,126
420,19,126
420,21,126
420,20,126
420,20,126
420,22,126
420,22,126
420,22,126
420,0,120
420,8,120
420,14,120
420,23,120
420,23,120
420,0,133
420,3,133
420,3,133
420,5,133
420,4,133
420,7,133
420,7,133
420,10,133
420,10,133
420,15,133
420,15,133
420,17,133
420,18,133
420,18,133
420,18,133
420,19,133
420,18,133
420,19,133
420,20,133
420,9,136
420,9,136
420,13,136
420,21,136
420,20,136
420,7,139
420,22,145
420,3,2
420,11,2
420,0,3
420,3,3
420,2,3
420,2,3
420,4,3
420,6,3
420,8,3
420,13,3
420,14,3
420,14,3
420,16,3
420,16,3
420,19,3
420,19,3
420,19,3
420,19,3
420,18,3
420,18,3
420,22,3
420,18,4
420,19,4
420,19,4
420,18,4
420,3,7
420,4,7
420,10,7
420,10,7
420,10,7
420,14,7
420,18,7
420,21,7
420,21,7
420,21,7
420,23,7
420,22,7
420,12,8
420,17,8
420,23,8
420,15,13
420,16,20
420,7,55
420,7,55
420,10,55
420,19,55
420,19,55
420,1,65
420,0,65
420,2,65
420,2,65
420,2,65
420,5,65
420,5,65
420,5,65
420,5,65
420,6,65
420,8,65
420,9,65
420,9,65
420,9,65
420,11,65
420,11,65
420,13,65
420,13,65
420,13,65
420,13,65
420,12,65
420,15,65
420,14,65
420,15,65
420,16,65
420,16,65
420,17,65
420,18,65
420,21,65
420,21,65
420,23,65
420,23,65
420,23,65
420,18,76
420,0,108
472,12,19
472,1,9
472,1,9
472,15,9
472,19,9
472,22,9
472,22,116
472,21,19
472,21,9
472,15,107
472,20,9
472,17,1
472,23,19
472,0,17
472,4,40
472,20,54
472,20,81
472,19,19
472,19,115
472,20,115
472,11,7
472,19,19
472,6,19
472,13,19
472,6,19
472,20,19
472,1,102
472,4,102
472,5,7
472,23,7
472,23,7
472,23,7
472,1,10
472,2,10
472,6,10
472,4,11
472,6,12
472,14,14
472,14,14
472,7,17
472,10,23
472,23,23
472,1,27
472,20,28
472,11,31
472,5,32
472,6,32
472,7,32
472,8,32
472,21,35
472,9,36
472,16,36
472,20,38
472,5,42
472,5,45
472,9,50
472,23,53
472,2,77
472,16,71
472,20,72
472,11,78
472,10,90
472,20,90
472,20,90
472,20,90
472,19,91
472,4,96
472,1,111
472,9,111
472,4,128
472,22,131
472,1,136
472,1,136
472,10,136
472,19,137
472,19,139
472,20,139
472,2,140
472,3,140
472,23,140
472,0,145
472,0,145
472,3,7
472,1,45
472,3,58
472,20,9
472,5,10
472,10,17
472,11,20
472,4,20
472,6,68
472,9,68
472,11,68
472,12,68
472,21,68
472,0,109
472,6,111
472,15,54
472,20,54
472,21,65
472,20,19
472,4,140
472,20,140
472,12,19
472,12,19
472,13,9
472,17,9
472,8,28
472,20,116
472,0,35
472,20,35
472,19,34
472,20,35
472,19,19
472,20,9
472,23,9
472,22,9
472,6,124
472,23,33
472,15,57
472,0,35
472,3,35
472,20,58
472,16,7
472,8,19
472,19,19
472,21,19
472,7,7
472,21,116
472,21,9
472,21,9
472,21,19
472,18,19
472,22,66
472,2,68
472,7,68
472,13,68
472,19,68
472,21,68
472,21,68
472,18,73
472,20,73
472,22,73
472,12,19
472,0,65
472,19,65
472,5,35
472,17,35
472,22,35
472,23,65
472,11,81
472,4,17
472,21,23
472,21,141
472,12,35
472,19,19
472,3,19
472,23,84
472,22,35
472,20,19
472,2,9
472,10,9
472,16,9
472,18,9
472,20,9
472,23,9
472,23,9
472,23,104
472,11,19
472,13,19
472,12,19
472,1,35
472,22,1
472,8,35
472,21,143
472,22,116
472,22,5
472,10,33
472,5,19
472,6,19
472,6,19
472,2,84
472,10,140
472,12,1
472,3,19
472,5,19
472,9,19
472,18,19
472,0,19
472,11,19
472,22,19
472,17,19
472,17,19
472,22,19
472,16,19
472,18,35
472,8,116
472,16,19
472,20,19
472,20,31
472,23,144
472,4,1
472,2,5
472,12,17
472,23,17
472,1,26
472,10,34
472,19,34
472,15,35
472,22,35
472,23,40
472,2,46
472,11,58
472,1,76
472,1,76
472,12,86
472,12,87
472,15,89
472,16,111
472,6,113
472,21,133
472,10,3
472,14,3
472,17,7
477,15,9
477,0,1
477,17,27
477,12,137
477,4,58
477,22,19
477,19,35
477,10,17
477,14,27
477,17,27
477,17,31
477,22,50
477,10,77
477,23,121
477,10,137
477,21,137
477,9,143
477,7,1
477,17,60
477,10,68
477,21,68
477,21,109
477,1,19
477,2,9
477,17,9
477,23,9
477,15,19
477,3,1
477,0,35
477,1,19
477,19,41
477,12,19
477,19,35
477,23,57
477,0,19
477,7,19
477,10,68
477,22,19
477,8,89
477,15,116
477,22,19
477,10,19
477,9,19
477,8,19
477,21,19
477,12,19
477,15,19
477,0,19
477,11,19
477,0,19
477,12,19
477,5,19
477,8,143
420,22,19
420,21,1
420,20,1
420,1,1
420,21,1
420,19,1
420,6,1
420,21,1
420,6,1
420,2,1
420,14,1
420,21,1
420,7,1
420,16,1
420,17,1
420,3,1
420,2,1
420,3,1
420,22,1
420,10,1
420,23,1
420,21,1
420,1,1
420,17,1
420,10,1
420,17,1
420,12,1
420,22,1
420,8,1
420,18,1
420,22,1
420,20,1
420,7,1
420,0,1
420,21,1
420,22,1
420,23,1
420,9,1
420,14,1
420,23,1
420,21,1
420,23,1
420,17,1
420,20,1
420,10,1
420,13,1
420,3,1
420,11,1
420,16,1
420,7,1
420,20,1
420,22,1
420,19,1
420,18,1
420,8,1
420,23,1
420,7,1
420,16,1
420,5,1
420,1,1
420,23,1
420,23,1
420,16,1
420,22,1
420,7,1
420,11,1
420,2,1
420,19,1
420,23,1
420,22,1
420,14,1
420,10,1
420,22,2
420,19,2
420,4,2
420,6,2
420,16,2
420,15,3
420,13,3
420,15,3
420,19,3
420,12,3
420,20,3
420,7,3
420,12,3
420,7,3
420,0,3
420,5,3
420,0,3
420,3,3
420,11,3
420,21,3
420,8,3
420,17,3
420,20,3
420,11,3
420,16,3
420,11,3
420,8,3
420,6,3
420,21,3
420,6,3
420,18,3
420,12,3
420,12,4
420,2,4
420,18,4
420,18,4
420,11,4
420,18,4
420,3,4
420,10,4
420,12,147
420,20,147
420,22,147
420,9,147
420,11,5
420,2,5
420,17,5
420,4,5
420,17,5
420,12,5
420,17,6
420,2,6
420,5,6
420,23,6
420,6,6
420,15,6
420,10,6
420,21,6
420,16,6
420,16,6
420,19,7
420,19,7
420,19,7
420,12,7
420,15,7
420,12,7
420,17,7
420,18,7
420,22,7
420,20,7
420,15,7
420,18,145
420,22,7
420,22,7
420,7,7
420,9,7
420,4,145
420,12,7
420,11,7
420,22,7
420,15,7
420,15,7
420,19,7
420,6,7
420,1,7
420,22,7
420,8,7
420,18,7
420,21,120
420,19,7
420,8,7
420,22,7
420,22,7
420,21,7
420,21,7
420,21,7
420,23,7
420,19,7
420,2,7
420,17,7
420,20,7
420,22,7
420,17,7
420,4,7
420,21,120
420,19,120
420,21,7
420,2,7
420,11,7
420,14,7
420,11,7
420,11,7
420,13,7
420,16,7
420,17,120
420,22,7
420,19,7
420,17,7
420,23,7
420,4,7
420,0,120
420,9,120
420,21,7
420,9,142
420,12,7
420,6,7
420,15,7
420,22,7
420,23,7
420,14,7
420,12,7
420,21,7
420,17,7
420,1,7
420,1,7
420,12,7
420,21,7
420,11,7
420,9,7
420,11,7
420,22,7
420,21,7
420,6,7
420,9,7
420,2,7
420,22,7
420,11,7
420,15,8
420,0,8
420,7,8
420,2,8
420,2,8
420,20,9
420,21,9
420,0,9
420,0,9
420,7,9
420,16,9
420,4,9
420,1,9
420,20,9
420,12,9
420,7,9
420,3,9
420,4,9
420,20,9
420,5,9
420,11,9
420,22,9
420,2,9
420,22,9
420,16,9
420,21,9
420,22,9
420,1,9
420,23,9
420,0,9
420,16,9
420,20,9
420,20,9
420,2,9
420,16,9
420,0,9
420,11,9
420,21,9
420,8,9
420,4,9
420,12,9
420,16,9
420,3,9
420,20,9
420,4,9
420,22,9
420,5,9
420,20,9
420,19,9
420,14,9
420,21,9
420,21,9
420,22,9
420,10,9
420,10,9
420,23,9
420,14,9
420,1,9
420,18,9
420,21,9
420,21,9
420,22,9
420,20,9
420,20,9
420,13,9
420,16,9
420,21,9
420,20,9
420,4,9
420,6,9
420,3,9
420,20,9
420,23,9
420,14,9
420,4,9
420,22,9
420,21,9
420,15,9
420,13,9
420,20,9
420,21,9
420,17,9
420,4,9
420,19,9
420,0,9
420,21,9
420,7,9
420,2,9
420,17,9
420,21,9
420,0,9
420,17,9
420,1,9
420,17,9
420,13,9
420,10,9
420,20,9
420,1,9
420,2,9
420,21,9
420,17,9
420,17,9
420,23,9
420,1,9
420,12,9
420,16,9
420,20,9
420,2,9
420,8,9
420,12,9
420,13,9
420,19,9
420,6,9
420,20,9
420,10,9
420,13,9
420,1,9
420,5,9
420,20,9
420,14,9
420,5,9
420,22,9
420,0,9
420,1,9
420,23,9
420,5,9
420,15,9
420,12,9
420,2,9
420,19,9
420,11,9
420,0,9
420,20,9
420,12,9
420,4,9
420,15,9
420,18,9
420,14,9
420,3,9
420,23,9
420,9,9
420,13,9
420,12,9
420,2,9
420,1,9
420,0,9
420,11,9
420,20,9
420,12,9
420,17,9
420,14,9
420,17,9
420,5,9
420,21,9
420,20,9
420,0,9
420,1,9
420,16,9
420,0,9
420,4,9
420,22,9
420,23,9
420,20,9
420,22,9
420,16,9
420,16,9
420,8,9
420,6,9
420,4,9
420,0,9
420,7,9
420,21,9
420,22,9
420,10,9
420,19,9
420,15,9
420,20,9
420,22,9
420,1,9
420,15,9
420,7,9
420,19,9
420,21,9
420,18,9
420,22,9
420,20,9
420,16,9
420,21,9
420,14,9
420,21,9
420,6,9
420,22,9
420,2,9
420,18,9
420,10,9
420,4,9
420,19,9
420,20,9
420,4,9
420,13,9
420,10,9
420,21,9
420,4,9
420,15,9
420,2,9
420,1,9
420,22,9
420,0,9
420,2,9
420,0,9
420,8,9
420,20,9
420,14,9
420,14,9
420,14,9
420,15,9
420,17,9
420,19,9
420,3,9
420,8,9
420,22,9
420,11,9
420,20,9
420,2,9
420,0,9
420,19,9
420,16,9
420,22,9
420,7,9
420,19,9
420,10,9
420,8,9
420,1,9
420,22,9
420,10,9
420,8,9
420,7,9
420,22,9
420,21,9
420,9,9
420,21,9
420,14,9
420,18,9
420,13,9
420,1,9
420,20,9
420,22,9
420,15,9
420,7,9
420,10,9
420,15,9
420,0,9
420,22,9
420,19,9
420,20,9
420,6,9
420,21,9
420,19,9
420,23,9
420,21,9
420,13,9
420,20,9
420,8,9
420,23,9
420,2,9
420,1,9
420,19,9
420,16,9
420,0,9
420,1,9
420,22,9
420,21,9
420,8,9
420,13,9
420,0,9
420,23,9
420,22,9
420,22,9
420,17,9
420,0,9
420,19,9
420,19,9
420,6,9
420,19,9
420,14,9
420,2,9
420,4,9
420,7,9
420,8,9
420,2,9
420,20,9
420,3,9
420,7,9
420,1,9
420,18,9
420,18,9
420,12,9
420,17,9
420,10,9
420,21,9
420,0,9
420,17,9
420,21,9
420,21,9
420,19,9
420,17,9
420,21,9
420,19,9
420,14,9
420,7,9
420,23,9
420,2,9
420,23,9
420,13,9
420,20,9
420,20,9
420,10,9
420,19,9
420,23,9
420,8,9
420,11,9
420,0,9
420,21,9
420,19,9
420,20,9
420,23,9
420,19,9
420,1,9
420,21,9
420,6,9
420,21,9
420,3,9
420,17,9
420,1,9
420,20,9
420,1,9
420,7,9
420,6,9
420,18,9
420,17,9
420,19,9
420,22,9
420,23,9
420,10,9
420,16,9
420,17,9
420,23,9
420,22,9
420,12,9
420,18,9
420,1,9
420,20,9
420,22,9
420,0,9
420,8,9
420,23,9
420,20,9
420,17,9
420,20,9
420,1,9
420,23,9
420,16,9
420,12,9
420,16,9
420,3,9
420,19,9
420,1,9
420,9,9
420,20,9
420,20,9
420,3,9
420,23,9
420,22,9
420,10,9
420,20,9
420,17,9
420,19,9
420,6,9
420,2,9
420,20,9
420,20,9
420,22,9
420,18,9
420,20,9
420,9,9
420,14,9
420,23,9
420,13,10
420,23,10
420,9,10
420,23,10
420,19,10
420,15,10
420,21,10
420,15,10
420,18,10
420,4,10
420,1,10
420,7,10
420,0,10
420,16,10
420,19,10
420,7,10
420,16,10
420,10,10
420,20,10
420,19,11
420,17,11
420,8,11
420,10,11
420,2,11
420,14,11
420,9,11
420,8,11
420,11,11
420,10,11
420,12,11
420,17,11
420,12,12
420,7,12
420,16,12
420,20,12
420,8,12
420,3,12
420,21,13
420,20,13
420,23,13
420,23,13
420,10,14
420,20,14
420,11,14
420,3,15
420,5,15
420,21,15
420,20,15
420,17,15
420,3,15
420,17,15
420,8,15
420,9,15
420,19,15
420,1,15
420,19,17
420,11,17
420,18,17
420,20,17
420,21,17
420,13,17
420,11,17
420,21,17
420,3,17
420,5,17
420,1,17
420,15,17
420,20,17
420,3,17
420,2,17
420,18,17
420,12,17
420,5,17
420,8,17
420,1,17
420,15,17
420,7,17
420,18,17
420,21,17
420,15,17
420,20,17
420,7,17
420,5,17
420,3,17
420,18,17
420,0,17
420,2,17
420,21,17
420,16,17
420,22,17
420,15,17
420,13,17
420,20,17
420,14,17
420,17,17
420,18,17
420,22,17
420,16,17
420,14,17
420,14,17
420,19,17
420,19,17
420,4,19
420,0,19
420,13,19
420,19,19
420,0,19
420,19,19
420,19,19
420,19,19
420,8,19
420,1,19
420,17,19
420,19,19
420,16,19
420,19,19
420,10,19
420,17,19
420,10,19
420,1,19
420,21,19
420,1,19
420,12,19
420,16,19
420,1,19
420,18,19
420,1,19
420,19,19
420,2,19
420,12,19
420,12,19
420,23,19
420,12,19
420,17,19
420,17,19
420,0,19
420,0,19
420,14,19
420,19,19
420,9,19
420,1,19
420,13,19
420,15,19
420,0,19
420,3,19
420,11,19
420,16,19
420,15,19
420,3,19
420,14,19
420,3,19
420,20,19
420,4,19
420,16,19
420,23,19
420,18,19
420,15,19
420,17,19
420,15,19
420,13,19
420,3,19
420,7,19
420,11,19
420,23,19
420,12,19
420,14,19
420,20,19
420,13,19
420,18,19
420,11,19
420,20,19
420,7,19
420,17,19
420,15,19
420,21,19
420,22,19
420,9,19
420,3,19
420,4,19
420,22,19
420,21,19
420,19,19
420,4,19
420,19,19
420,15,19
420,17,19
420,9,19
420,11,19
420,16,19
420,4,19
420,19,19
420,22,19
420,18,19
420,22,19
420,20,19
420,21,19
420,4,19
420,23,19
420,10,19
420,19,19
420,23,19
420,8,19
420,0,19
420,19,19
420,22,19
420,7,19
420,23,19
420,15,19
420,5,19
420,22,19
420,0,19
420,16,19
420,21,19
420,14,19
420,22,19
420,1,19
420,17,19
420,23,19
420,19,19
420,22,19
420,15,19
420,20,19
420,21,19
420,19,19
420,2,19
420,12,19
420,10,19
420,20,19
420,20,19
420,17,19
420,19,19
420,14,19
420,17,19
420,14,19
420,17,19
420,1,19
420,18,19
420,19,19
420,20,19
420,22,19
420,20,19
420,20,19
420,13,19
420,21,19
420,1,19
420,3,19
420,20,19
420,20,19
420,14,19
420,18,19
420,22,19
420,4,19
420,0,19
420,19,19
420,0,19
420,10,19
420,21,19
420,20,19
420,18,19
420,21,19
420,12,19
420,21,19
420,22,19
420,23,19
420,19,19
420,23,19
420,1,19
420,18,19
420,20,19
420,1,19
420,17,19
420,22,19
420,20,19
420,19,19
420,14,19
420,2,19
420,0,19
420,21,19
420,3,19
420,23,19
420,11,19
420,18,19
420,22,19
420,5,19
420,21,19
420,21,19
420,20,19
420,20,19
420,20,19
420,22,19
420,23,19
420,21,19
420,14,19
420,17,19
420,21,19
420,5,19
420,23,19
420,23,19
420,23,19
420,12,19
420,3,19
420,20,19
420,19,19
420,1,19
420,19,19
420,4,19
420,16,19
420,1,19
420,20,19
420,23,19
420,18,19
420,15,19
420,20,19
420,15,19
420,13,19
420,21,19
420,17,19
420,14,19
420,22,19
420,13,19
420,16,19
420,23,19
420,23,19
420,17,19
420,17,19
420,1,19
420,19,19
420,21,19
420,2,19
420,11,19
420,17,19
420,14,19
420,19,19
420,10,19
420,3,19
420,10,19
420,2,19
420,22,19
420,2,19
420,21,19
420,20,19
420,5,19
420,0,19
420,4,19
420,20,19
420,1,19
420,22,19
420,3,19
420,21,19
420,23,19
420,2,19
420,23,19
420,17,19
420,7,19
420,17,19
420,20,19
420,14,19
420,3,19
420,21,19
420,17,19
420,15,19
420,3,19
420,19,19
420,4,19
420,16,19
420,22,19
420,18,19
420,5,19
420,17,19
420,4,19
420,17,19
420,9,19
420,21,19
420,0,19
420,12,19
420,1,19
420,11,19
420,15,19
420,15,19
420,1,19
420,23,19
420,23,19
420,12,19
420,19,19
420,21,19
420,3,19
420,16,19
420,20,19
420,13,19
420,12,19
420,14,19
420,19,19
420,21,19
420,19,19
420,22,19
420,11,19
420,19,19
420,4,19
420,0,19
420,17,19
420,13,19
420,4,19
420,18,19
420,16,19
420,16,19
420,17,19
420,21,19
420,17,19
420,0,19
420,20,19
420,21,19
420,17,19
420,1,19
420,19,19
420,12,19
420,4,19
420,4,19
420,7,19
420,21,19
420,2,19
420,11,19
420,19,19
420,22,19
420,8,19
420,23,19
420,12,19
420,14,19
420,17,19
420,1,19
420,12,19
420,16,19
420,22,19
420,17,19
420,3,19
420,3,19
420,1,19
420,13,19
420,13,19
420,19,19
420,20,19
420,13,19
420,14,19
420,4,19
420,1,19
420,18,19
420,19,19
420,10,19
420,16,19
420,17,19
420,18,19
420,16,19
420,15,19
420,16,19
420,19,19
420,3,19
420,17,19
420,20,19
420,22,19
420,23,19
420,16,19
420,23,19
420,22,19
420,3,19
420,18,19
420,7,19
420,20,19
420,14,19
420,6,19
420,23,19
420,12,19
420,19,19
420,7,19
420,20,19
420,13,19
420,17,19
420,20,19
420,22,19
420,20,19
420,18,19
420,12,19
420,2,19
420,14,19
420,17,19
420,21,19
420,15,19
420,2,19
420,21,19
420,22,19
420,0,19
420,3,19
420,21,19
420,23,19
420,6,19
420,19,19
420,19,19
420,22,19
420,21,19
420,16,19
420,23,19
420,17,19
420,2,19
420,1,19
420,22,19
420,20,19
420,19,19
420,14,19
420,21,19
420,22,19
420,23,19
420,12,19
420,23,19
420,19,19
420,1,19
420,13,19
420,11,19
420,20,19
420,16,19
420,15,19
420,23,19
420,20,19
420,22,19
420,12,19
420,11,19
420,17,19
420,5,19
420,16,19
420,16,19
420,23,19
420,14,19
420,19,19
420,11,19
420,22,19
420,3,19
420,15,19
420,15,19
420,19,19
420,12,19
420,6,19
420,10,19
420,19,19
420,4,19
420,12,19
420,15,19
420,20,19
420,16,19
420,18,19
420,0,19
420,3,19
420,19,19
420,18,19
420,18,19
420,19,19
420,14,19
420,23,19
420,1,19
420,23,19
420,14,19
420,17,19
420,11,19
420,23,19
420,11,19
420,19,19
420,9,19
420,23,19
420,20,19
420,17,19
420,19,19
420,15,19
420,21,19
420,19,19
420,3,19
420,14,19
420,0,19
420,14,19
420,17,19
420,6,19
420,4,19
420,2,19
420,22,19
420,0,19
420,19,19
420,12,19
420,20,19
420,9,19
420,4,19
420,16,19
420,19,19
420,13,19
420,23,19
420,19,19
420,1,19
420,23,19
420,23,19
420,9,19
420,14,19
420,23,19
420,4,19
420,19,19
420,22,19
420,1,19
420,5,19
420,0,19
420,22,19
420,21,19
420,5,19
420,20,19
420,19,19
420,22,19
420,20,19
420,1,19
420,20,19
420,23,19
420,23,19
420,11,19
420,2,19
420,6,19
420,15,19
420,16,19
420,6,19
420,21,19
420,21,19
420,18,19
420,19,19
420,11,19
420,23,19
420,6,19
420,11,19
420,19,19
420,12,19
420,14,19
420,19,19
420,19,19
420,21,19
420,23,19
420,14,19
420,7,19
420,18,19
420,21,19
420,20,19
420,9,19
420,16,19
420,7,19
420,3,19
420,3,19
420,21,19
420,7,19
420,17,19
420,22,19
420,2,19
420,16,19
420,19,19
420,21,19
420,15,19
420,21,19
420,1,19
420,18,19
420,18,19
420,10,19
420,16,19
420,19,19
420,0,19
420,5,19
420,9,19
420,20,19
420,11,19
420,2,19
420,23,19
420,19,19
420,20,19
420,16,19
420,18,19
420,19,19
420,21,19
420,3,19
420,9,19
420,0,19
420,15,19
420,20,19
420,22,19
420,19,19
420,16,19
420,18,19
420,16,19
420,20,19
420,12,19
420,13,19
420,18,19
420,1,19
420,23,19
420,20,19
420,0,19
420,23,19
420,22,19
420,11,19
420,22,19
420,17,19
420,14,19
420,11,19
420,11,19
420,17,19
420,3,19
420,4,19
420,17,19
420,23,19
420,20,19
420,3,19
420,1,19
420,19,19
420,19,19
420,10,19
420,22,19
420,21,19
420,12,19
420,12,19
420,22,19
420,20,19
420,21,19
420,1,19
420,20,19
420,23,19
420,16,19
420,2,19
420,11,19
420,7,19
420,22,19
420,10,19
420,23,19
420,12,19
420,3,19
420,22,19
420,21,19
420,22,19
420,17,19
420,21,19
420,20,19
420,3,19
420,21,19
420,21,19
420,1,19
420,11,19
420,5,19
420,11,19
420,6,19
420,20,19
420,20,19
420,0,19
420,21,19
420,19,19
420,12,19
420,6,19
420,21,19
420,18,19
420,12,19
420,0,19
420,1,19
420,10,19
420,16,19
420,17,19
420,20,19
420,20,19
420,16,19
420,1,19
420,20,19
420,14,19
420,18,19
420,13,19
420,20,19
420,21,19
420,15,19
420,15,19
420,8,19
420,15,19
420,17,19
420,12,19
420,18,19
420,22,19
420,19,19
420,23,19
420,19,19
420,20,19
420,1,19
420,11,19
420,21,19
420,9,19
420,23,19
420,10,19
420,11,19
420,0,19
420,20,19
420,19,19
420,5,19
420,6,19
420,21,19
420,13,19
420,18,19
420,1,19
420,19,19
420,14,19
420,19,19
420,20,19
420,17,19
420,11,19
420,23,19
420,5,19
420,20,19
420,3,19
420,23,19
420,11,19
420,6,19
420,12,19
420,15,19
420,21,19
420,16,19
420,17,19
420,10,19
420,19,19
420,15,19
420,20,19
420,21,19
420,20,19
420,20,19
420,17,19
420,18,19
420,16,19
420,1,19
420,20,19
420,1,19
420,2,19
420,21,19
420,3,19
420,19,19
420,7,19
420,19,19
420,20,19
420,11,19
420,13,19
420,1,19
420,21,19
420,21,19
420,23,19
420,1,19
420,21,19
420,13,19
420,19,19
420,13,19
420,23,19
420,17,19
420,22,19
420,3,19
420,4,19
420,8,19
420,0,19
420,3,19
420,22,19
420,1,19
420,9,19
420,16,19
420,20,19
420,5,19
420,20,19
420,20,19
420,16,19
420,12,19
420,19,19
420,21,19
420,11,19
420,15,19
420,16,19
420,7,19
420,5,19
420,21,19
420,14,19
420,20,19
420,13,19
420,6,19
420,0,19
420,16,19
420,18,19
420,17,19
420,4,19
420,12,19
420,19,19
420,22,19
420,21,19
420,12,19
420,18,19
420,15,19
420,2,19
420,18,19
420,2,19
420,16,19
420,0,19
420,3,19
420,19,19
420,18,19
420,20,19
420,19,19
420,19,19
420,20,19
420,17,19
420,17,19
420,13,19
420,14,19
420,20,19
420,22,19
420,21,19
420,17,19
420,21,19
420,17,19
420,19,19
420,21,19
420,14,19
420,20,19
420,14,19
420,18,19
420,18,19
420,10,19
420,2,19
420,19,19
420,16,19
420,14,19
420,3,19
420,8,19
420,18,19
420,23,19
420,20,19
420,12,19
420,1,19
420,21,19
420,19,19
420,12,19
420,19,19
420,4,19
420,11,19
420,17,19
420,1,19
420,10,19
420,12,19
420,4,19
420,22,19
420,22,19
420,17,19
420,23,19
420,21,19
420,16,19
420,23,19
420,22,19
420,9,19
420,13,19
420,20,19
420,16,19
420,22,19
420,19,19
420,16,19
420,2,19
420,23,19
420,20,19
420,13,19
420,21,19
420,13,19
420,15,19
420,19,19
420,17,19
420,23,19
420,22,19
420,23,19
420,19,19
420,23,18
420,17,18
420,19,20
420,19,20
420,3,20
420,20,20
420,13,20
420,13,20
420,22,20
420,20,20
420,5,20
420,16,20
420,22,20
420,11,20
420,20,20
420,21,20
420,22,20
420,5,20
420,23,20
420,8,20
420,1,20
420,4,20
420,0,20
420,14,20
420,3,20
420,1,20
420,0,20
420,20,20
420,8,20
420,20,20
420,14,20
420,11,20
420,17,20
420,22,20
420,21,20
420,3,20
420,18,20
420,17,20
420,10,20
420,19,20
420,22,20
420,22,20
420,3,20
420,14,20
420,20,20
420,16,20
420,20,20
420,21,20
420,20,20
420,14,20
420,11,20
420,1,20
420,15,20
420,6,20
420,11,20
420,16,20
420,18,20
420,10,20
420,18,20
420,18,20
420,18,20
420,2,20
420,19,20
420,22,20
420,4,20
420,22,20
420,15,20
420,15,20
420,10,20
420,12,21
420,19,21
420,8,21
420,21,21
420,23,21
420,22,21
420,20,21
420,3,22
420,19,22
420,13,23
420,0,23
420,4,23
420,13,23
420,17,23
420,21,23
420,1,23
420,20,23
420,22,23
420,0,23
420,10,23
420,20,23
420,23,23
420,4,23
420,3,23
420,17,23
420,21,23
420,0,23
420,8,23
420,1,23
420,10,23
420,13,23
420,23,23
420,22,23
420,11,23
420,2,23
420,12,23
420,6,23
420,6,23
420,11,23
420,17,23
420,7,23
420,4,23
420,4,23
420,17,23
420,2,24
420,10,24
420,16,24
420,17,24
420,18,24
420,1,24
420,13,24
420,21,25
420,2,25
420,1,25
420,20,25
420,11,26
420,11,26
420,23,26
420,2,26
420,6,26
420,14,26
420,7,26
420,12,26
420,17,26
420,8,26
420,12,26
420,5,26
420,19,26
420,17,26
420,10,26
420,17,26
420,10,26
420,5,26
420,22,26
420,21,26
420,4,26
420,9,26
420,22,26
420,21,26
420,23,26
420,0,27
420,4,27
420,2,27
420,19,27
420,23,27
420,3,27
420,0,27
420,19,27
420,13,27
420,23,27
420,1,27
420,3,27
420,16,27
420,3,27
420,2,27
420,21,27
420,18,27
420,18,27
420,20,27
420,2,27
420,1,27
420,3,27
420,15,27
420,3,27
420,22,28
420,2,28
420,23,28
420,0,28
420,2,28
420,22,28
420,6,28
420,17,28
420,16,28
420,17,28
420,20,28
420,9,28
420,22,28
420,6,28
420,22,28
420,2,28
420,10,28
420,16,29
420,15,30
420,12,30
420,10,30
420,17,30
420,12,30
420,12,30
420,23,30
420,9,30
420,13,30
420,18,30
420,10,31
420,6,31
420,15,31
420,6,31
420,1,31
420,15,31
420,8,31
420,20,31
420,1,31
420,11,31
420,21,31
420,16,31
420,4,31
420,15,31
420,8,31
420,15,31
420,14,31
420,23,31
420,2,31
420,1,31
420,3,31
420,6,32
420,5,32
420,19,32
420,20,32
420,1,32
420,10,32
420,19,32
420,18,32
420,18,32
420,20,32
420,6,32
420,15,32
420,3,32
420,20,32
420,2,32
420,4,32
420,21,32
420,18,32
420,22,32
420,11,32
420,14,32
420,21,32
420,2,32
420,4,32
420,23,32
420,19,32
420,6,32
420,4,32
420,16,32
420,6,33
420,20,33
420,23,33
420,20,33
420,12,33
420,20,33
420,20,33
420,23,33
420,9,33
420,12,33
420,6,33
420,4,33
420,21,33
420,15,33
420,1,33
420,16,33
420,10,33
420,7,33
420,21,33
420,3,33
420,4,33
420,6,34
420,9,34
420,18,34
420,22,34
420,19,34
420,21,34
420,19,34
420,6,34
420,1,34
420,22,34
420,16,34
420,19,34
420,22,34
420,23,34
420,6,34
420,17,34
420,14,34
420,9,34
420,5,34
420,12,34
420,19,34
420,19,34
420,21,34
420,13,34
420,11,34
420,10,34
420,17,35
420,14,35
420,20,35
420,17,35
420,2,35
420,20,35
420,12,35
420,6,35
420,20,35
420,1,35
420,8,35
420,4,35
420,5,35
420,9,35
420,20,35
420,20,35
420,5,35
420,14,35
420,11,35
420,0,35
420,2,35
420,4,35
420,11,35
420,19,35
420,19,35
420,18,35
420,15,35
420,5,35
420,14,35
420,20,35
420,18,35
420,13,35
420,23,35
420,19,35
420,5,35
420,22,35
420,11,35
420,1,35
420,1,35
420,23,35
420,21,35
420,13,35
420,10,35
420,5,35
420,5,35
420,5,35
420,12,35
420,11,35
420,22,35
420,14,35
420,21,35
420,18,35
420,21,35
420,1,35
420,21,35
420,7,35
420,2,35
420,21,35
420,6,35
420,21,35
420,4,35
420,22,35
420,22,35
420,17,35
420,20,35
420,10,35
420,10,35
420,2,35
420,0,35
420,23,35
420,17,35
420,8,35
420,8,35
420,22,35
420,19,35
420,18,35
420,11,35
420,19,35
420,3,35
420,4,35
420,11,35
420,3,35
420,23,35
420,10,35
420,0,35
420,17,35
420,3,35
420,22,35
420,10,35
420,13,35
420,3,35
420,3,35
420,3,35
420,8,35
420,8,35
420,19,35
420,5,35
420,17,35
420,22,35
420,21,35
420,22,35
420,10,35
420,21,35
420,18,35
420,5,35
420,22,35
420,21,35
420,19,35
420,16,35
420,21,35
420,19,35
420,21,35
420,21,35
420,18,35
420,8,7
420,21,7
420,22,7
420,7,7
420,10,37
420,19,37
420,7,37
420,7,37
420,0,37
420,19,37
420,7,37
420,7,37
420,18,38
420,19,39
420,18,39
420,8,39
420,0,39
420,8,39
420,2,39
420,22,40
420,4,40
420,20,40
420,5,40
420,23,40
420,5,40
420,20,40
420,15,40
420,20,40
420,2,41
420,15,41
420,14,41
420,9,41
420,20,41
420,14,41
420,10,42
420,22,42
420,21,42
420,8,42
420,4,42
420,11,42
420,12,42
420,22,42
420,8,42
420,23,42
420,4,42
420,8,42
420,6,42
420,6,42
420,6,42
420,4,42
420,2,42
420,7,42
420,11,43
420,18,43
420,7,43
420,13,43
420,22,44
420,14,45
420,18,45
420,0,45
420,21,45
420,9,45
420,3,45
420,21,45
420,21,45
420,1,45
420,1,45
420,17,45
420,19,45
420,15,45
420,23,45
420,3,45
420,3,45
420,2,45
420,5,46
420,3,46
420,0,46
420,15,46
420,22,46
420,14,46
420,12,46
420,5,46
420,16,46
420,21,46
420,13,46
420,1,46
420,23,46
420,6,46
420,15,46
420,23,46
420,10,46
420,6,46
420,8,46
420,1,46
420,1,46
420,8,47
420,8,47
420,21,47
420,1,47
420,5,47
420,1,47
420,8,47
420,3,47
420,23,47
420,1,47
420,5,47
420,22,47
420,0,47
420,8,47
420,9,47
420,4,47
420,23,47
420,22,47
420,7,47
420,21,47
420,1,48
420,17,49
420,3,49
420,23,49
420,22,49
420,1,49
420,7,49
420,23,49
420,21,49
420,13,49
420,23,49
420,10,50
420,6,50
420,4,50
420,13,50
420,15,50
420,16,50
420,10,50
420,16,50
420,12,50
420,0,51
420,22,51
420,3,51
420,2,51
420,20,51
420,3,51
420,10,51
420,16,51
420,23,51
420,0,51
420,17,51
420,14,51
420,19,51
420,0,51
420,17,51
420,19,51
420,12,51
420,10,51
420,11,51
420,11,51
420,20,52
420,19,52
420,13,53
420,10,53
420,3,53
420,14,53
420,21,53
420,4,53
420,21,53
420,16,53
420,11,53
420,14,54
420,15,54
420,18,54
420,17,54
420,15,54
420,12,54
420,13,54
420,10,54
420,17,54
420,13,54
420,1,54
420,13,54
420,2,54
420,19,54
420,23,54
420,11,54
420,5,54
420,19,54
420,13,54
420,16,54
420,15,54
420,19,54
420,21,54
420,23,54
420,0,55
420,12,55
420,0,55
420,7,55
420,22,55
420,10,56
420,10,56
420,9,56
420,21,56
420,18,56
420,23,56
420,5,56
420,2,56
420,23,56
420,23,56
420,0,56
420,6,56
420,1,56
420,6,56
420,0,56
420,0,56
420,20,56
420,20,56
420,11,56
420,16,56
420,4,57
420,10,57
420,13,57
420,10,57
420,23,57
420,23,57
420,21,57
420,15,57
420,3,58
420,18,58
420,4,58
420,18,58
420,19,58
420,20,58
420,20,58
420,5,58
420,10,58
420,23,58
420,3,58
420,22,58
420,8,58
420,21,58
420,7,58
420,23,58
420,2,58
420,22,58
420,21,58
420,19,58
420,5,58
420,2,58
420,9,58
420,5,58
420,12,58
420,4,58
420,20,58
420,20,58
420,7,58
420,6,58
420,17,58
420,8,58
420,14,58
420,18,58
420,22,58
420,18,58
420,22,58
420,19,58
420,18,58
420,4,58
420,18,58
420,15,58
420,16,58
420,2,58
420,22,58
420,2,58
420,6,58
420,1,58
420,0,58
420,21,58
420,0,58
420,21,58
420,0,58
420,9,58
420,12,58
420,22,58
420,18,58
420,1,58
420,23,58
420,12,58
420,19,58
420,23,58
420,20,58
420,14,58
420,21,58
420,19,58
420,3,59
420,3,59
420,9,59
420,15,59
420,2,59
420,3,59
420,5,59
420,20,59
420,2,59
420,7,59
420,5,59
420,7,59
420,17,59
420,13,59
420,4,59
420,19,60
420,12,60
420,2,60
420,14,60
420,14,60
420,10,60
420,8,60
420,20,61
420,6,61
420,23,61
420,14,61
420,15,61
420,5,62
420,8,62
420,19,62
420,1,63
420,21,63
420,1,63
420,12,63
420,19,63
420,19,77
420,8,77
420,18,77
420,18,77
420,1,77
420,20,77
420,21,77
420,19,77
420,8,77
420,1,64
420,18,65
420,0,65
420,17,65
420,19,65
420,23,65
420,17,65
420,23,65
420,19,65
420,14,65
420,15,65
420,17,65
420,0,65
420,21,65
420,7,65
420,7,65
420,19,65
420,8,65
420,12,65
420,6,65
420,8,65
420,23,65
420,6,65
420,17,65
420,2,65
420,9,65
420,0,65
420,14,65
420,16,65
420,21,65
420,9,65
420,0,65
420,21,65
420,18,65
420,9,65
420,5,65
420,23,65
420,15,65
420,13,65
420,6,65
420,15,65
420,13,65
420,20,65
420,13,65
420,12,65
420,4,65
420,4,65
420,20,65
420,20,65
420,0,65
420,18,65
420,7,65
420,5,65
420,23,65
420,10,65
420,13,65
420,20,65
420,19,65
420,17,65
420,12,65
420,1,65
420,0,65
420,10,65
420,21,65
420,22,65
420,21,65
420,17,65
420,1,65
420,22,65
420,16,65
420,0,65
420,0,65
420,12,65
420,12,65
420,21,65
420,19,65
420,5,65
420,6,65
420,9,65
420,23,65
420,16,65
420,22,65
420,17,65
420,19,65
420,16,65
420,21,65
420,14,65
420,20,65
420,5,65
420,23,65
420,3,65
420,4,65
420,8,65
420,15,65
420,7,65
420,21,65
420,22,65
420,1,65
420,7,65
420,21,65
420,8,65
420,22,65
420,21,65
420,3,65
420,17,65
420,4,65
420,2,65
420,20,65
420,23,65
420,15,65
420,10,65
420,14,65
420,2,65
420,17,65
420,17,65
420,20,65
420,20,65
420,21,65
420,8,65
420,23,65
420,14,65
420,8,65
420,22,65
420,3,65
420,17,65
420,1,65
420,12,65
420,6,65
420,21,65
420,8,65
420,11,65
420,20,65
420,7,65
420,21,65
420,5,65
420,23,65
420,6,65
420,14,65
420,2,65
420,22,65
420,13,65
420,23,65
420,19,65
420,17,65
420,3,65
420,15,65
420,17,65
420,3,65
420,11,65
420,3,65
420,1,65
420,19,65
420,20,65
420,4,65
420,23,65
420,5,65
420,17,65
420,13,65
420,18,65
420,21,65
420,17,65
420,16,65
420,0,65
420,23,65
420,12,65
420,16,65
420,8,65
420,20,65
420,17,65
420,23,65
420,12,65
420,22,65
420,1,65
420,21,65
420,0,65
420,9,66
420,5,66
420,19,66
420,15,66
420,22,66
420,11,66
420,21,67
420,4,67
420,4,67
420,3,67
420,8,67
420,18,67
420,18,67
420,1,67
420,22,67
420,1,67
420,14,68
420,9,68
420,12,68
420,21,68
420,2,68
420,10,68
420,0,68
420,12,68
420,4,68
420,21,68
420,21,68
420,8,68
420,3,68
420,20,68
420,11,68
420,13,68
420,19,68
420,19,68
420,5,68
420,3,68
420,23,68
420,16,68
420,21,68
420,20,68
420,19,68
420,22,68
420,23,68
420,19,68
420,20,68
420,5,68
420,21,68
420,7,68
420,11,68
420,20,68
420,20,68
420,4,68
420,22,68
420,20,68
420,15,68
420,20,68
420,21,68
420,10,68
420,20,68
420,6,68
420,2,68
420,6,68
420,10,68
420,3,68
420,3,68
420,19,68
420,22,68
420,10,68
420,13,68
420,16,68
420,23,68
420,21,68
420,22,68
420,23,68
420,0,68
420,19,68
420,2,68
420,22,68
420,22,68
420,6,68
420,23,68
420,0,68
420,22,68
420,6,68
420,21,68
420,12,68
420,18,68
420,18,68
420,21,68
420,17,68
420,23,68
420,13,68
420,13,68
420,20,68
420,13,68
420,22,68
420,13,68
420,16,68
420,23,68
420,8,68
420,16,68
420,21,68
420,4,68
420,5,68
420,3,68
420,19,68
420,0,68
420,16,68
420,22,68
420,21,68
420,21,68
420,21,68
420,2,68
420,19,68
420,17,68
420,20,68
420,21,68
420,19,68
420,1,70
420,21,70
420,22,70
420,23,70
420,14,70
420,9,70
420,9,70
420,23,70
420,4,70
420,17,70
420,19,70
420,22,70
420,18,70
420,14,70
420,19,70
420,3,70
420,23,70
420,23,70
420,21,70
420,6,70
420,1,71
420,22,72
420,0,72
420,10,72
420,22,72
420,14,72
420,22,72
420,19,72
420,11,73
420,4,73
420,20,73
420,18,73
420,17,73
420,19,73
420,22,73
420,10,73
420,1,73
420,4,73
420,1,73
420,17,73
420,23,73
420,19,73
420,19,73
420,0,73
420,4,73
420,1,73
420,10,73
420,19,73
420,3,73
420,21,73
420,21,73
420,11,73
420,20,73
420,21,73
420,1,73
420,21,73
420,2,73
420,15,73
420,11,73
420,7,73
420,16,73
420,2,73
420,9,73
420,11,73
420,18,73
420,7,73
420,0,73
420,5,73
420,6,73
420,9,73
420,21,73
420,10,73
420,20,73
420,7,73
420,21,73
420,8,73
420,5,73
420,9,73
420,22,73
420,19,73
420,9,73
420,2,73
420,2,75
420,0,75
420,3,75
420,8,75
420,9,75
420,11,75
420,19,75
420,4,75
420,12,75
420,0,75
420,11,75
420,0,75
420,0,75
420,20,76
420,22,78
420,1,78
420,1,78
420,16,78
420,23,78
420,3,78
420,3,78
420,0,78
420,1,78
420,3,78
420,22,78
420,20,78
420,3,78
420,3,78
420,21,78
420,3,78
420,11,79
420,5,79
420,23,79
420,10,79
420,11,79
420,5,80
420,2,80
420,8,80
420,21,81
420,22,81
420,20,81
420,21,81
420,19,81
420,21,81
420,4,81
420,1,81
420,15,81
420,0,81
420,19,81
420,1,81
420,19,81
420,11,81
420,1,81
420,1,81
420,0,81
420,21,81
420,10,81
420,19,81
420,19,81
420,3,81
420,18,81
420,15,81
420,12,81
420,20,81
420,10,82
420,17,82
420,17,82
420,16,82
420,9,82
420,9,82
420,11,82
420,10,82
420,17,82
420,19,82
420,20,82
420,8,82
420,7,82
420,23,82
420,9,82
420,13,82
420,9,82
420,15,82
420,11,82
420,16,82
420,14,82
420,9,82
420,14,82
420,8,82
420,16,82
420,17,82
420,14,82
420,20,82
420,11,82
420,11,82
420,8,82
420,8,82
420,7,82
420,8,82
420,22,82
420,14,82
420,10,82
420,16,82
420,14,82
420,9,82
420,11,82
420,22,148
420,19,148
420,9,148
420,23,148
420,2,148
420,20,148
420,1,148
420,18,148
420,2,148
420,22,83
420,7,83
420,15,83
420,22,83
420,20,84
420,3,84
420,21,84
420,1,84
420,21,84
420,1,84
420,0,84
420,20,84
420,1,84
420,0,84
420,20,84
420,23,84
420,23,84
420,21,84
420,10,84
420,20,84
420,22,84
420,4,84
420,9,86
420,4,86
420,18,86
420,1,86
420,10,86
420,8,85
420,11,85
420,3,85
420,1,85
420,9,85
420,15,85
420,1,85
420,15,85
420,3,85
420,16,85
420,8,85
420,19,85
420,23,85
420,21,85
420,17,85
420,6,85
420,15,85
420,21,85
420,22,87
420,19,87
420,17,87
420,20,87
420,5,87
420,3,87
420,22,87
420,7,87
420,18,87
420,19,87
420,4,87
420,19,87
420,21,87
420,2,87
420,15,87
420,6,87
420,7,87
420,21,87
420,19,87
420,16,87
420,6,87
420,6,87
420,20,87
420,8,87
420,0,87
420,8,87
420,15,87
420,8,87
420,18,87
420,10,87
420,19,87
420,23,87
420,12,87
420,20,87
420,12,87
420,13,88
420,20,88
420,20,88
420,5,89
420,20,89
420,18,89
420,5,89
420,1,89
420,18,89
420,19,89
420,17,89
420,11,89
420,8,89
420,16,89
420,3,89
420,2,89
420,3,89
420,0,89
420,6,89
420,2,89
420,21,89
420,2,89
420,15,89
420,7,89
420,15,89
420,6,89
420,15,89
420,21,89
420,18,89
420,22,89
420,10,89
420,2,89
420,1,89
420,2,89
420,3,89
420,22,89
420,1,89
420,19,89
420,22,89
420,2,89
420,11,89
420,23,89
420,22,89
420,4,89
420,12,89
420,17,89
420,16,89
420,3,89
420,6,89
420,2,89
420,10,89
420,13,89
420,15,89
420,14,89
420,2,89
420,16,89
420,18,89
420,3,89
420,4,89
420,2,89
420,7,89
420,8,89
420,19,89
420,22,89
420,8,89
420,1,89
420,9,90
420,9,90
420,15,90
420,1,90
420,19,90
420,10,90
420,3,90
420,13,90
420,21,90
420,8,90
420,18,90
420,7,90
420,3,90
420,20,90
420,9,90
420,2,90
420,13,90
420,22,90
420,22,90
420,6,90
420,12,90
420,22,90
420,9,90
420,20,90
420,1,90
420,9,90
420,15,90
420,14,90
420,5,90
420,3,90
420,18,90
420,18,90
420,13,90
420,9,90
420,9,90
420,22,90
420,10,90
420,2,90
420,20,90
420,18,90
420,3,90
420,23,90
420,14,90
420,23,90
420,4,90
420,13,90
420,23,90
420,8,90
420,12,90
420,4,90
420,4,90
420,18,90
420,9,90
420,20,90
420,18,90
420,17,90
420,3,90
420,18,90
420,23,90
420,22,90
420,9,90
420,3,90
420,0,90
420,18,90
420,20,90
420,16,90
420,21,90
420,21,90
420,2,90
420,9,90
420,0,90
420,21,90
420,19,90
420,0,90
420,9,90
420,10,91
420,10,91
420,10,91
420,10,91
420,17,91
420,17,91
420,23,91
420,5,91
420,10,91
420,10,91
420,10,91
420,10,91
420,10,91
420,10,91
420,18,92
420,3,92
420,2,93
420,8,93
420,16,93
420,23,93
420,13,93
420,14,94
420,20,94
420,2,94
420,16,94
420,14,94
420,13,95
420,20,95
420,17,95
420,13,95
420,11,96
420,3,96
420,3,96
420,21,96
420,2,96
420,0,96
420,10,96
420,23,96
420,6,96
420,2,96
420,20,96
420,20,96
420,20,96
420,1,96
420,5,96
420,1,96
420,0,97
420,0,97
420,17,97
420,13,97
420,17,97
420,17,97
420,18,99
420,5,100
420,11,102
420,9,102
420,4,102
420,9,102
420,21,102
420,21,102
420,20,102
420,4,102
420,6,102
420,19,102
420,22,102
420,11,102
420,13,102
420,11,102
420,5,102
420,20,102
420,19,102
420,0,102
420,14,102
420,13,102
420,4,102
420,17,102
420,19,102
420,16,102
420,22,102
420,9,102
420,10,102
420,20,102
420,8,102
420,7,102
420,19,102
420,4,102
420,1,102
420,9,102
420,3,102
420,11,102
420,16,102
420,16,102
420,20,102
420,20,102
420,3,102
420,21,102
420,9,102
420,14,102
420,22,102
420,17,102
420,15,102
420,20,102
420,18,102
420,1,102
420,22,102
420,20,104
420,19,104
420,21,104
420,19,104
420,9,104
420,21,104
420,2,104
420,15,104
420,19,104
420,6,104
420,22,104
420,19,104
420,5,104
420,16,104
420,19,104
420,23,104
420,21,104
420,6,105
420,17,105
420,23,105
420,17,105
420,23,105
420,21,105
420,7,105
420,19,105
420,0,105
420,18,105
420,23,105
420,9,105
420,9,105
420,14,105
420,20,105
420,22,105
420,17,105
420,11,105
420,7,106
420,21,106
420,15,106
420,19,107
420,17,107
420,22,107
420,6,107
420,9,107
420,10,107
420,7,107
420,19,107
420,7,107
420,16,108
420,17,108
420,10,108
420,0,108
420,22,109
420,17,109
420,19,109
420,3,109
420,15,109
420,3,109
420,14,109
420,22,109
420,0,109
420,1,109
420,8,109
420,12,109
420,3,109
420,7,109
420,20,109
420,5,111
420,23,111
420,20,111
420,6,111
420,15,111
420,18,111
420,21,111
420,18,111
420,1,111
420,13,111
420,22,111
420,2,111
420,8,111
420,5,111
420,17,111
420,9,111
420,15,111
420,23,111
420,23,111
420,7,111
420,21,111
420,17,111
420,20,111
420,21,111
420,11,111
420,16,111
420,5,111
420,6,111
420,17,111
420,0,111
420,13,111
420,21,111
420,7,111
420,20,111
420,17,111
420,4,111
420,19,111
420,22,111
420,10,111
420,18,112
420,20,112
420,23,112
420,3,112
420,21,112
420,19,112
420,19,113
420,19,113
420,9,113
420,16,113
420,9,113
420,6,113
420,16,113
420,16,113
420,18,113
420,20,113
420,17,113
420,17,113
420,19,113
420,14,113
420,19,113
420,23,113
420,2,113
420,0,113
420,23,113
420,23,113
420,9,113
420,3,114
420,23,114
420,19,114
420,9,114
420,1,114
420,19,114
420,20,114
420,15,114
420,3,114
420,3,114
420,14,115
420,14,115
420,19,115
420,18,115
420,14,115
420,14,115
420,5,115
420,0,115
420,18,115
420,8,115
420,6,115
420,5,115
420,20,115
420,20,115
420,18,115
420,6,115
420,11,115
420,14,115
420,8,116
420,7,116
420,20,116
420,15,116
420,0,116
420,23,116
420,21,116
420,2,116
420,12,116
420,12,116
420,23,116
420,16,116
420,20,116
420,0,116
420,10,116
420,23,116
420,3,116
420,22,116
420,19,116
420,9,116
420,12,116
420,1,116
420,21,116
420,3,116
420,18,116
420,23,116
420,15,116
420,15,116
420,7,116
420,1,116
420,20,116
420,15,116
420,21,116
420,8,116
420,11,116
420,19,116
420,23,116
420,1,116
420,16,116
420,1,116
420,11,116
420,23,116
420,20,116
420,19,116
420,4,116
420,21,116
420,5,116
420,13,116
420,10,116
420,2,116
420,1,116
420,2,116
420,7,116
420,22,116
420,14,116
420,7,116
420,17,116
420,3,116
420,3,117
420,22,118
420,19,118
420,23,118
420,22,118
420,14,118
420,14,118
420,0,118
420,5,118
420,20,118
420,21,118
420,21,118
420,11,118
420,23,118
420,0,118
420,8,118
420,19,118
420,2,122
420,20,122
420,2,122
420,11,122
420,9,122
420,3,122
420,1,122
420,21,122
420,0,122
420,5,122
420,0,122
420,23,122
420,3,122
420,20,123
420,18,123
420,11,123
420,11,123
420,6,123
420,17,123
420,21,123
420,18,123
420,18,123
420,20,123
420,6,123
420,7,123
420,19,123
420,16,123
420,3,123
420,5,123
420,7,123
420,4,124
420,22,124
420,17,124
420,22,124
420,18,124
420,11,124
420,9,126
420,22,126
420,5,126
420,11,126
420,8,126
420,10,126
420,14,126
420,3,126
420,18,126
420,21,126
420,8,126
420,10,126
420,21,126
420,20,126
420,7,126
420,10,126
420,9,126
420,19,126
420,21,126
420,12,126
420,13,126
420,10,126
420,3,126
420,19,126
420,23,126
420,23,126
420,3,126
420,2,126
420,23,126
420,21,126
420,20,126
420,20,126
420,0,126
420,11,126
420,20,126
420,22,126
420,8,126
420,2,126
420,7,126
420,15,126
420,22,126
420,17,126
420,3,126
420,15,126
420,19,126
420,19,126
420,2,126
420,21,126
420,8,126
420,12,126
420,7,126
420,15,126
420,19,126
420,8,126
420,21,125
420,19,125
420,22,127
420,3,127
420,3,127
420,8,127
420,21,127
420,14,127
420,1,127
420,14,127
420,9,127
420,16,127
420,23,127
420,2,127
420,9,127
420,9,128
420,23,128
420,3,129
420,18,129
420,21,129
420,18,129
420,8,129
420,5,129
420,9,130
420,1,130
420,21,130
420,10,130
420,1,130
420,8,130
420,22,130
420,21,130
420,23,130
420,9,130
420,12,130
420,22,130
420,8,130
420,18,130
420,23,131
420,20,131
420,23,131
420,4,131
420,21,131
420,11,131
420,3,131
420,8,131
420,18,131
420,5,131
420,14,131
420,8,131
420,6,131
420,8,131
420,21,131
420,3,131
420,19,119
420,20,120
420,8,120
420,21,7
420,10,120
420,10,7
420,11,7
420,10,120
420,13,7
420,13,7
420,20,7
420,11,120
420,17,120
420,22,120
420,4,120
420,18,121
420,21,121
420,17,133
420,16,133
420,9,133
420,11,133
420,7,133
420,23,133
420,3,133
420,3,133
420,20,133
420,0,133
420,23,133
420,22,133
420,22,133
420,20,133
420,5,133
420,4,133
420,3,133
420,11,133
420,20,133
420,12,133
420,10,133
420,23,133
420,18,133
420,18,133
420,17,133
420,16,133
420,12,133
420,1,133
420,2,133
420,2,133
420,23,133
420,18,133
420,19,133
420,15,133
420,0,133
420,20,133
420,15,133
420,20,133
420,1,133
420,10,133
420,23,133
420,1,133
420,19,133
420,19,133
420,19,133
420,19,133
420,15,133
420,23,133
420,19,133
420,3,133
420,21,133
420,21,133
420,19,133
420,0,133
420,18,133
420,4,134
420,20,134
420,0,134
420,13,134
420,10,136
420,8,136
420,10,136
420,9,136
420,15,136
420,0,136
420,6,136
420,8,136
420,20,136
420,17,136
420,20,136
420,8,136
420,6,136
420,19,136
420,9,136
420,2,136
420,21,136
420,15,136
420,14,136
420,20,136
420,0,136
420,16,136
420,23,136
420,23,136
420,18,136
420,23,136
420,5,136
420,22,136
420,22,136
420,7,136
420,3,136
420,22,136
420,3,136
420,23,136
420,13,136
420,17,136
420,7,136
420,3,136
420,9,136
420,1,136
420,8,136
420,14,136
420,16,136
420,0,136
420,4,137
420,18,137
420,21,137
420,9,137
420,12,137
420,7,137
420,13,137
420,4,137
420,2,137
420,4,138
420,20,138
420,1,138
420,9,138
420,13,138
420,16,138
420,21,138
420,9,139
420,13,139
420,13,139
420,2,139
420,23,139
420,3,139
420,0,139
420,2,139
420,23,139
420,13,139
420,21,139
420,10,139
420,11,139
420,7,139
420,20,139
420,15,139
420,2,139
420,8,139
420,6,139
420,5,139
420,20,139
420,12,140
420,19,140
420,3,140
420,19,140
420,8,140
420,18,140
420,23,140
420,15,140
420,19,140
420,14,140
420,23,140
420,4,140
420,23,140
420,17,140
420,21,140
420,17,140
420,16,140
420,0,140
420,2,140
420,17,140
420,16,140
420,2,140
420,17,140
420,8,140
420,13,140
420,15,140
420,16,140
420,14,140
420,22,140
420,22,140
420,9,140
420,11,140
420,4,140
420,21,140
420,3,140
420,21,140
420,4,140
420,20,140
420,4,140
420,7,140
420,17,140
420,8,140
420,16,140
420,15,140
420,21,140
420,13,140
420,12,141
420,3,141
420,8,141
420,4,141
420,1,141
420,19,141
420,10,141
420,12,141
420,21,141
420,21,141
420,8,141
420,10,141
420,3,141
420,0,141
420,7,141
420,10,141
420,20,142
420,9,142
420,6,142
420,20,142
420,19,142
420,19,142
420,18,142
420,0,142
420,16,142
420,23,142
420,12,142
420,2,142
420,22,142
420,2,142
420,7,142
420,5,142
420,14,142
420,6,142
420,2,142
420,3,142
420,12,142
420,14,142
420,19,142
420,17,142
420,1,142
420,7,142
420,4,142
420,23,142
420,12,7
420,16,142
420,7,142
420,6,142
420,7,142
420,20,143
420,23,143
420,21,143
420,16,143
420,20,143
420,8,143
420,19,143
420,22,143
420,9,143
420,2,143
420,0,143
420,21,143
420,21,143
420,22,143
420,8,143
420,23,143
420,9,143
420,3,143
420,21,143
420,1,143
420,19,144
420,22,144
420,16,144
420,15,144
420,18,144
420,5,144
420,4,144
420,19,144
420,5,144
420,1,144
420,22,144
420,14,145
420,19,7
420,14,145
420,17,7
420,3,145
420,10,145
420,11,145
420,12,145
420,14,145
420,8,145
420,22,145
420,5,145
420,8,145
420,3,145
420,23,146
420,23,146
420,20,146
420,4,146
420,10,146
420,10,146
420,17,146
420,3,146
420,17,146
420,2,146
420,19,146
420,15,146
420,22,146
420,7,146
420,20,146
420,12,65
472,20,1
472,1,1
472,14,1
472,14,1
472,6,1
472,12,3
472,2,4
472,20,6
472,3,7
472,18,7
472,21,7
472,20,7
472,19,7
472,9,7
472,23,7
472,21,9
472,6,9
472,0,9
472,4,9
472,20,9
472,11,9
472,20,9
472,12,9
472,3,9
472,11,9
472,22,9
472,8,9
472,20,9
472,9,9
472,8,9
472,19,9
472,19,9
472,10,9
472,19,9
472,22,9
472,8,9
472,7,9
472,1,9
472,0,9
472,20,9
472,3,9
472,7,10
472,22,10
472,16,10
472,9,11
472,21,11
472,23,12
472,16,12
472,20,15
472,11,15
472,0,17
472,7,17
472,7,17
472,10,17
472,5,19
472,22,19
472,0,19
472,21,19
472,19,19
472,21,19
472,4,19
472,21,19
472,16,19
472,20,19
472,12,19
472,16,19
472,21,19
472,19,19
472,19,19
472,17,19
472,5,19
472,19,19
472,20,19
472,10,19
472,18,19
472,22,19
472,13,19
472,19,19
472,20,19
472,13,19
472,19,19
472,19,19
472,21,19
472,12,19
472,10,19
472,22,19
472,18,19
472,20,19
472,19,19
472,20,19
472,1,19
472,19,19
472,22,19
472,15,19
472,22,19
472,11,19
472,3,19
472,9,18
472,9,23
472,0,23
472,5,23
472,5,23
472,19,26
472,0,26
472,19,27
472,18,27
472,18,27
472,4,27
472,20,27
472,20,27
472,22,28
472,20,28
472,21,32
472,9,32
472,6,32
472,3,34
472,5,35
472,13,35
472,13,35
472,11,35
472,23,35
472,19,35
472,19,35
472,16,35
472,10,35
472,1,35
472,7,35
472,18,7
472,20,38
472,23,39
472,21,41
472,7,42
472,14,42
472,22,45
472,17,47
472,13,50
472,7,50
472,20,54
472,0,54
472,12,54
472,18,54
472,23,54
472,11,54
472,11,54
472,21,55
472,4,56
472,21,58
472,22,60
472,8,61
472,15,65
472,10,65
472,14,65
472,23,65
472,1,66
472,17,68
472,1,68
472,9,68
472,22,68
472,6,68
472,23,68
472,18,68
472,0,68
472,15,68
472,2,68
472,22,68
472,19,68
472,7,68
472,3,70
472,9,73
472,13,73
472,16,73
472,2,73
472,1,73
472,21,73
472,9,73
472,21,73
472,17,75
472,14,78
472,6,78
472,12,82
472,8,82
472,8,82
472,6,89
472,15,90
472,22,90
472,20,90
472,19,90
472,13,90
472,15,90
472,20,96
472,0,97
472,9,102
472,23,102
472,15,102
472,19,102
472,14,107
472,22,111
472,12,116
472,22,116
472,20,116
472,18,116
472,10,116
472,10,116
472,0,116
472,9,123
472,5,130
472,15,132
472,21,132
472,13,121
472,19,133
472,9,133
472,22,133
472,7,133
472,23,136
472,2,136
472,20,136
472,20,136
472,2,136
472,19,139
472,4,140
472,20,141
472,8,142
420,21,65
477,13,1
477,12,1
477,23,3
477,0,147
477,20,9
477,14,9
477,21,9
477,10,9
477,5,9
477,22,19
477,2,19
477,14,19
477,6,19
477,8,19
477,7,19
477,3,19
477,3,19
477,3,19
477,7,19
477,1,19
477,19,19
477,0,19
477,22,19
477,23,29
477,22,7
477,16,53
477,19,54
477,12,58
477,9,58
477,2,73
477,8,73
477,16,95
477,19,131
477,23,133
477,17,143
